SleepHours,StressLevel,PhysicalActivity,EmotionEngagement,WorkHours,ScreenTime,WellnessScore,ProductivityScore
7.745071229516849,6.513977233290704,3.187836753971861,Low,10.488107791724373,3.327983266729084,59.89113479905607,74.6780540948942
6.792603548243223,3.1556693516447494,2.355891688312121,High,6.353281590843154,5.221675365828066,47.12083698225901,81.33852231799125
7.971532807151039,6.73921184021132,3.183446254548426,Moderate,9.25743172160061,6.186159745078893,95.3501490040564,92.20547898138234
9.284544784612038,7.711275717609902,3.814947043554582,High,5.54703582038302,4.931373995447651,86.34132886735075,98.5882695331851
6.648769937914996,5.826869806447402,3.0732901054885566,High,11.542191798621108,7.2747439551755875,53.44543193125903,64.04280013318606
6.648794564576229,8.753591625116131,3.0608875368058235,Low,11.67521346612942,5.866234923085725,72.0344801316393,71.78297518761532
9.368819223261088,3.452421601792854,1.9470124682898668,High,9.182043113119752,6.338145058910373,85.16053246879166,92.67612551557293
8.151152093729364,2.510690593377166,2.0056486236735775,Moderate,11.982505203287044,5.198581385033854,81.23565916789059,87.93179629130248
6.295788421097572,1.4425595021914428,0.8960920923004596,Low,8.711585949855325,2.0135623531787705,76.93019964893926,86.78936474272065
7.8138400653789475,7.9920886229783665,5.624365114780409,Low,9.537034228299111,1.8993033568751008,67.44659662612385,79.85868014594895
6.304873460781307,6.308731312708115,1.1342051469130725,High,10.523867753463069,7.179219093384055,95.90955887592936,65.32837731400268
6.301405369644614,4.8888306581790895,1.960642203306139,Low,8.359436906196898,6.533824152978788,73.3128830868919,65.76445556828902
7.362943407349051,5.5599372526396404,1.9223891016462038,Low,4.895245076829877,6.877324412702169,62.275611110189644,80.52818265912462
4.130079633013303,2.749021905403247,4.342386565416662,Low,9.577926710468795,6.268945684125827,83.06613593268393,72.20474168191298
4.412623251230451,9.891503959233653,2.5575754825619583,Low,7.056280811133073,6.429134806747029,71.44087962927131,61.461507153816356
6.1565687061385415,5.258442363950455,4.8716131090106005,Low,7.20494035808908,7.938046747237577,75.24696590880434,78.21666352895645
5.480753319498364,5.218789589209786,1.989764063634197,Low,8.59578983295738,6.8892387448028245,73.04723802386812,66.60072758259494
7.471370998892911,6.451533247797384,3.418491243335703,Moderate,9.132561759434742,8.081818700612226,77.45163360650365,81.76576541194383
5.637963886718183,5.962018463473426,1.746979420110364,High,8.300269268012435,6.342923682453194,55.3231561990119,63.61230534586169
4.881544447997063,5.447768048558263,6.217723691660082,Moderate,9.271459072314617,5.399236518960458,48.233404192449875,64.78587446899803
9.19847315338233,3.4190510891093764,1.2186023714557308,Low,6.586285731879607,6.388405724312491,91.51199084850376,96.154521436092
6.661335549270197,5.942936714271991,3.4647310653405414,Low,7.914592410553433,4.327644237025407,73.74376842683753,96.61943642940717
7.101292307031886,8.764048992950068,3.950665321398148,High,9.698170900901742,5.240306142176182,81.56270916112868,73.60582426522403
4.862877720679815,7.690840092309955,3.6206986461772472,Moderate,11.545582352873431,6.355142617280074,43.60361169733561,53.31298086835615
6.183425913212226,8.186373253278795,2.7220685116834376,High,12.252871177946417,6.3286366638020235,86.00024663071754,57.779549786917755
7.166383884564799,3.9775686471376295,2.805268950399861,Moderate,8.865953365455463,5.787162239994023,62.177715319663484,76.18704675781429
5.273509633866546,3.020790359482838,3.0657172079686643,Low,9.680019653491215,3.2236305796515867,57.90672749786433,83.62669913774388
7.563547027518508,4.748426159800704,2.779496997557267,High,11.963158329630382,7.272819092841429,69.0494024855202,81.61336950845221
6.099041965121793,5.111449824577389,4.445818675192364,High,6.658327926533011,7.668456813199098,55.33029684186213,75.28374857048796
6.562459375310085,7.188383036941897,6.315784502387027,Low,9.259399705425167,9.287380990504477,69.97402452661589,69.78658912085622
6.097440081655905,1.6150707405703613,2.1637623224882496,High,9.536685898972292,6.883551993177463,67.9549247947827,77.99723056856097
9.778417276763406,8.059100638921228,0.945295530631383,Moderate,10.895722872153488,6.002923668382966,85.90593857850824,76.65009544897475
6.979754162893099,4.683984202842021,2.8675769274731175,Moderate,5.7257172389275555,3.9739409807797004,92.70016753209205,86.04525883064903
5.41343360656615,4.14623786010516,6.869564006481478,Moderate,6.1211884323989665,8.984035738722111,92.22273689262374,92.48780606724986
8.233817368154783,2.975791249479665,1.7944881480454038,Moderate,8.042764422209412,6.495665953748047,36.03227530905826,80.77471550804133
5.168734525043467,1.6902866562684613,5.458675208166101,Low,8.755455324643272,6.386746347650913,55.972497552350724,82.64237708554492
7.313295392507133,6.646341167923829,5.516551221114661,High,10.245727907467614,5.4918876036422954,35.87669854266457,65.87859605913783
4.060494814180337,5.146635934376808,2.169617637438008,Moderate,9.035087551624542,5.364060867130275,52.096865883474536,57.192363988788365
5.007720926652354,2.4200782005178922,3.8534746187779128,Low,7.697173539779432,7.376533468101694,60.25722683644253,72.47997471755517
7.295291853803685,2.409842455872768,5.442594934692807,High,8.83292288951228,3.957118754682816,76.15842422840416,92.13660563650421
8.107699869993116,4.328430601419743,2.4313083885187696,High,8.602088952548904,9.25086371831756,62.20100148261189,87.2574398010974
7.257052421784956,8.338043050578786,2.6946294598464573,Low,11.490032859975576,8.815052915076745,62.61894893577031,60.00351083677604
6.826527576417639,4.48081729727279,2.1274786290770344,Low,8.331317887137065,5.291876906265822,72.72647024799645,81.51150227728412
6.548344456616067,1.9937140937637876,1.4778649039606997,Moderate,7.233833172894872,4.272270868253915,44.360355321882835,82.08016584796651
4.782217014448859,4.508513871828112,2.0260836824009893,High,8.89921806014366,1.9695880232891714,57.42110270554204,67.015830950885
5.920233687407937,4.454552860504659,1.1640895998566152,High,8.396970638677065,3.4971722550315465,62.44665061273941,72.41021974613939
6.309041843560319,1.0,3.051125202388839,Low,4.858013288650656,7.459822985765749,66.96397017052983,84.55668187022795
8.585683339328373,4.8914102669643755,1.8450401534120373,High,7.968695876755662,6.630683717801308,71.15430985338318,80.22625648347004
7.515427434352692,4.538130939582644,3.3506788676861214,Moderate,7.798523509187989,6.987307130612176,92.50974684599562,84.99285997215006
4.355439766955899,6.3924127296268365,0.6661565306945589,High,6.912256268441368,2.308840729351677,83.62504241621642,69.36985338424196
7.486125954092192,8.69791218989069,3.4963203483216856,Low,10.071166575245945,5.208368759794672,58.460349632620975,65.90697342866528
6.422376579375525,7.253130059095515,4.250293442413387,Low,6.428640806776008,8.734545612564165,66.08006410822799,65.81943419533013
5.984616999541062,4.462222618890339,0.009396536142816991,Moderate,8.911237239049077,5.807945189361293,65.05841294361815,69.79842725664649
7.917514433261302,2.7869481825166593,3.5610848547713583,Moderate,7.704286000312539,3.4554105307520295,62.28771225218885,94.74065377750559
8.546499283743927,10.0,4.841503488709938,High,8.215390011293564,5.776795338314197,74.08773738731365,73.06711430058223
8.396920178674298,5.118436868028977,1.1855384719631918,High,8.823572582091733,4.457965163269501,42.10330670543638,73.79889748528839
5.741173715166042,5.027858583825893,5.508858580256555,Low,5.384851232217997,6.667358119890794,83.21071582009726,87.59429813797941
6.5361814362231785,4.951749825779993,3.6285285140490675,Moderate,8.383321783469565,6.0410907577754305,95.40326186073032,80.79584308651624
7.496895147105346,5.39616952153571,1.9424822163623867,Moderate,12.577894979426414,7.086593328164581,65.95239188992275,71.84434719779675
8.463317690683539,4.711279176152115,2.916346383513441,Moderate,4.886473308242552,3.564152746469775,65.65953362323256,94.3245590909422
6.281238643232065,3.8526759862395275,3.837490368782584,High,7.884784072568991,5.102566862669803,72.35566370813007,77.3041036084175
6.721511535004274,3.9062821175192157,3.1140080871186173,Moderate,10.24647864964764,8.180868682798218,85.29078965440316,81.25236141074274
5.340497538990958,4.934493459568003,3.808133988669554,Low,8.603238495907194,3.291439891129037,65.13559424774137,74.68789886620199
5.205690063878993,3.91315045773247,1.6189896103809507,Low,9.375933904232067,3.993775967920043,84.00917749152605,71.54204895945513
8.218788733591296,3.5743084346456713,3.254041236054117,High,4.0,6.398594619984128,77.32742008679864,94.9423139928521
9.034360042856235,5.212860455383794,0.8794282546425296,High,9.1964987492599,6.573459678167582,100.0,85.88176790070148
6.891984817629499,4.490045565158289,2.8331609079769495,Moderate,6.476623587532803,5.02230031451446,65.07006977256556,79.19489959896306
8.505299346838036,8.007985977165378,1.6441385378028155,High,8.619754569166293,5.4431342347223,40.359993284187496,65.46563772289844
7.542454037571451,1.0,1.8967050861153503,Low,7.941130538181018,7.066451123111284,48.50591318971729,81.35669659314873
6.032320368092313,7.1830137038449235,4.854139762815656,Moderate,12.556666058323266,7.699270003519735,70.17892356100235,55.41580874063474
7.5420934082626205,7.492170384995259,4.636965180891403,Low,9.09339064753175,3.8615566694204815,85.41823141031128,79.18877290730227
9.307054849698954,1.0,3.9137071813607656,Moderate,7.774752341474428,6.7286390412559,60.212362893689146,98.9491693917955
6.946260941335073,4.314624811839303,1.3615308529911316,High,4.980614481492891,9.024032000011445,66.53601325187005,82.06053577861121
9.346965483721009,4.257118268008417,2.525387325457797,Moderate,8.242293803699793,5.7682158772777345,80.27264105997364,97.9382075745447
3.0703823438653837,2.1849766105643575,4.819646549968775,Moderate,9.646457756693646,3.840321692422962,55.52151098682314,70.96382535052992
8.232853756562836,3.444366624818249,3.212575370459857,Low,7.838896216361554,3.7478161823455673,60.83095901207773,86.30435236101972
7.130570602357257,2.7788483090683425,6.478994309972541,Low,6.988687280125118,5.678525117376273,52.48409968584609,90.56572446811295
6.551488974301199,8.504540886847245,3.5899767590915577,Moderate,6.854826672307363,8.071694609735237,87.67342139323843,60.256635033914954
7.137641164803253,6.871356786294922,3.288073674735047,High,9.070282870910642,5.918488300306758,93.12509217694551,82.20849985191747
4.018646628098661,7.543110189988317,2.536325303696248,High,9.518775878618314,6.378463959811856,46.308775157604096,48.82704631696674
6.670492168243732,6.44334412808647,3.2003113571734234,Low,10.722420230642237,4.007316635652392,67.86721751517665,68.93414360493871
7.53566885726762,2.7418964575655416,2.771295245429184,High,6.010000213579284,7.966235265953095,91.10888462597417,96.82382426457897
9.216841067112274,3.9509594674404527,4.062163015032885,Low,9.051955116835234,3.7086828576692903,75.98042775433356,90.28854437983344
6.222594672589529,5.978749122455836,4.435053475191876,High,7.756592091164266,4.991007031456734,62.66141150501358,70.21402627726572
5.787259595660219,2.5557443822161092,1.8210158092380757,Moderate,7.815531590733439,7.259829724092588,46.80756820583652,73.7974859938485
6.247364434623195,6.425996860344776,1.003150569663333,Low,8.803651708068003,1.921137003360136,87.29416827734296,77.58303504184694
8.373103176553112,4.5193492036837295,0.24569194034505504,Low,8.815312507249894,6.347922299371416,75.40772822416746,79.79100700418462
7.493126664489527,4.250358384900805,3.7619869903688157,Moderate,9.057536211583146,3.9218528672164377,47.905204183873664,83.15874780607733
6.205359694349442,6.421919936406983,1.3449500907391896,Low,5.88505761560838,6.0330987978182264,87.84836580812487,76.63625394921085
7.769901149670034,5.88852662297208,0.0,High,6.500377185667083,5.295888784576127,45.99394657363195,67.41455046883597
7.14561632402206,4.278067668361841,3.582867906796446,High,10.971736551035368,10.211669650696976,66.69270768748882,72.48401570459784
8.452967485799334,7.318659606728496,6.739499276149186,Low,7.55885506503832,5.2137576216001875,66.03077944941806,84.76796232021962
5.946920359183972,2.8378733448002054,2.99089363269016,High,8.612028796035792,9.685302745766684,94.27571993271752,76.9632593128018
6.508506780103348,6.231871213888527,4.257736161677463,Low,10.109332624086372,7.17390458236675,66.0843071217977,76.13321022975958
6.411837770301764,6.186202515936768,3.1227440378213474,Moderate,8.926886144721637,4.397082058540543,66.03035970548913,68.92764384890198
4.804727577801822,4.38090712137202,2.851665520213286,Low,9.093045261944079,6.661621850519514,49.553824826534594,56.98740169835981
7.444180415596864,5.652266044484236,4.378614724481653,Moderate,9.789155358487513,5.391180507324377,60.394034814120914,69.41788869010875
7.391582908269834,2.497772847229394,2.564588183717023,High,4.0,6.484314981482468,57.74056808679036,76.25178847370404
7.0076701849636915,6.848054038413802,3.4010884711078546,Moderate,7.020099689678931,4.572218025133466,58.52166450992961,77.25798188571471
6.64811929993728,4.630195727114022,3.4825467092940205,High,8.937211592999184,9.380355266691915,70.0942678733781,78.52525387793617
4.876943886924378,3.954553958961921,1.9978643195354269,Low,10.775288614115315,7.850796181593449,33.48735421236111,58.514456280722435
6.369032015851961,7.098018451673779,4.488063524304784,High,8.132191119311546,6.0635631363231814,47.34654631874653,64.72414927233058
6.485928225209846,3.5913126189144817,2.737560364956887,Low,6.310567076487809,9.458229536139068,68.33471689589268,77.0971962806486
5.796584096167572,2.1830774072728807,1.866382260760733,Low,6.363827900778995,6.148558488165698,71.81882024655897,79.47918294865848
6.758071432500986,1.8867416529521925,3.804764765355605,Moderate,9.767722406906149,8.19524992972233,66.49850802034156,80.75959245118946
7.606076285221808,6.21201990269128,1.652298027313444,Moderate,7.564452835216227,6.076601175044849,69.38808265322558,81.6910138944615
9.829278851815795,2.439141295007434,3.042271736053692,Moderate,7.985599908419327,6.787775189621157,63.863250795171226,98.17373778882049
7.261866719247759,8.50958836396873,2.9863215050336946,Moderate,9.230060387544638,5.837122438114441,69.72243095155505,69.87808176044213
7.386325586084147,1.0,4.628843348747367,High,4.0,6.190602707747874,76.51213330393324,100.0
6.888331126350749,8.392912736580076,3.712047349319929,High,12.000735023016162,6.341063720775998,76.40700593031491,71.87118717555114
4.121843177051438,5.422034934405237,2.962459561882284,High,6.537852329897877,4.660536335023213,59.66562382812256,54.17670812719909
6.960229186826175,4.806573776259215,4.226649448800431,Low,8.483872738947143,5.197862666153824,83.72642109374425,79.9263571829126
7.09034531491154,3.9101618263821005,5.0853113235259695,High,4.590605973007458,5.566489967027656,72.3566304175498,95.0450065623622
10.69486316872793,5.798272228704142,3.8367154595277935,High,7.154917779189924,6.459422033604593,88.48320934509654,100.0
6.711458552828316,4.9247305951503035,3.015528929765071,High,10.489376092730193,5.938841960993066,91.49308646900623,79.46367768004048
7.452321013500419,7.2066037640330425,1.0322456514747607,Moderate,4.167665640668242,8.346065067651415,48.35909917940131,63.404597274882384
6.947932345442135,5.228455297324079,1.4023295053869411,High,10.252400174378282,7.694236637959282,57.114586916969365,70.92380754736814
5.246982943570702,5.300603522923756,2.5421629434679986,Low,7.452607807535231,5.607344887949255,82.20322059955825,74.9106318267081
8.71423422177253,4.272775575572288,2.0857316967610755,Moderate,8.974328880440384,8.763567794903878,45.02661369806579,82.65829982949444
8.127899549030161,4.886108752557865,2.719543045521831,Low,9.315048826970221,9.746041247150913,91.3026544404006,78.6406839993131
8.186547920564571,5.615603537784119,3.084974887345661,High,8.88284299898185,1.9123474101557658,64.84176707781006,90.53013940893092
5.635918817807892,1.5796632146867489,3.794539131535096,Moderate,6.270098696738347,7.864580170132559,78.62549552663528,79.60531586695853
9.10419146640415,2.303629155788574,2.894251832911363,Low,7.270901706929953,4.614031605337002,68.25414005708835,97.91357065109798
4.8972234058115784,6.48652818804543,3.7297524657393026,High,5.076887645498369,7.601496042646598,49.11415708324469,64.0673707745991
7.880285640700405,5.341730876255884,3.0967116222151803,Low,8.98359266317616,8.476475881292863,85.83316903197962,84.29781154369698
10.285683438714969,4.632033327294642,0.03680015046919305,Low,11.404110308031852,4.246014810978896,100.0,100.0
5.514195512303967,5.036867866130787,1.5909969092718685,Low,4.351118226647075,2.295345801968479,62.27487585466462,66.3695073110854
6.150553405595842,5.695163410723342,2.7838686664175767,High,6.476708187723929,7.67086817643173,65.16462173732137,72.1035075903183
7.1494770476314615,3.920480639381277,1.1854578857383387,High,7.636449448234133,6.270804964967223,30.263506850994105,73.7086421733897
6.244786518825701,3.4433905491953745,3.8998930949943067,Low,8.34668284742711,2.6631224921947436,90.2725435518418,90.88863457410861
4.674004853400801,5.391690510195363,5.296126248515546,Moderate,9.758352602868852,11.059129010925645,83.67647984263004,61.48179287217558
7.102844462209041,3.0432544447699357,4.828142777545975,Moderate,7.695600039284667,7.248838824513104,43.99924206917629,85.4858152432734
5.406544429410843,5.816505511428944,2.679835693604688,High,7.368082547108699,7.3402000802503045,39.026718069296706,55.017017169133936
7.710388645952772,1.5948327915243192,5.2360892052749275,High,10.206261412139481,8.731635505124096,40.761530752521026,78.30543980784935
5.620863648649295,7.058311274651287,3.2230011858031675,High,9.32399113412661,4.838352094306996,79.67753688059227,63.70363029516218
9.324901607526309,5.9451949648260864,2.494371043322941,High,9.077955951402197,6.260908224177354,81.17487129421123,87.25885890203708
5.825120061495644,5.5120594686277515,2.0798960046885906,High,8.225031423176228,3.361356172440474,56.14999083446818,68.81060895597214
6.516907725691486,6.965381967891028,2.5462954702678076,Moderate,9.966304421839718,4.784103105429631,77.48890047074198,63.94859379483795
8.220275826054504,8.330948888925153,2.417734772188157,High,6.687381217539467,6.771320000938475,72.38315681486729,70.53832784143616
5.1537035253490675,7.028740130036261,3.2556243335632313,Low,6.414611435627844,2.6694306657350957,64.49095439718673,64.77707002443108
7.341189901906194,1.3182515373367094,3.2408609715747967,Low,9.492201973738648,4.727420908643838,84.5529524002795,90.85813545206928
8.960714131423643,2.440846066528597,3.0045690302301216,Moderate,4.749928061506184,4.1441320801245585,51.925965981579424,97.9827272728298
4.588775148158159,3.7503628446086426,3.655407254619525,Low,8.184359019272975,6.28418449124069,87.21308820390843,78.4129131392307
7.276950787798456,5.052182100421668,4.7859694121795116,Moderate,7.366883295474976,7.149402523330697,59.07217668978471,81.44144105381153
7.389824191372635,6.035318040938246,4.4243312031619855,Moderate,5.188490538694088,7.484305608752914,96.72305022950567,92.56836233616909
8.172734307665966,3.548512373693069,0.7726530473251447,Low,6.137464840567471,7.997633289556301,54.920409647778,89.39069143226985
5.144573933682877,5.373533528954157,0.0,High,7.782047815409301,8.744233693144743,64.72641882099809,60.721307309728424
5.019315080373586,3.489234135293355,4.40147986685891,Low,10.067926512998046,7.214490907366812,70.8788070631353,76.29891541122862
7.782912348425347,3.7769643940161037,0.9496819523768685,Low,6.694084017484378,9.77467179778883,70.78477821733725,78.82958935713307
7.445477009849779,2.1866778063035555,2.6628518971609747,Moderate,10.426762799809987,6.239005042529364,77.36242750927143,92.04266514850471
7.375739275518815,3.1535335077781914,1.2448304609109608,Low,8.126358455113033,5.653357691498904,50.714763726299836,74.9675279008363
7.519672314245463,2.2966307887673327,0.29702934362997047,Moderate,10.620769404339942,7.21461472672008,69.44031387630048,81.04609485978835
5.979962917632264,3.0482534940453343,3.812194092307182,High,6.791016782439903,5.5671776500148225,72.07197559604082,77.39049780486533
7.348380545741505,7.107283593215679,4.13873274045397,High,7.9023808237892625,9.705129457550099,62.083926639578095,71.59516538854847
7.439608709948022,3.1012022223361138,2.1352343989099207,High,8.736967206673992,8.261966946270423,76.06087926189126,78.73885052699089
5.928472872960448,10.0,0.0,Low,7.640979074516976,7.500556288399029,49.804451297683286,50.30185312635227
9.798661766717135,5.9866358017617785,2.180633327621276,Moderate,9.906048294290471,6.262838688082701,65.10319166423974,88.18309676329034
7.710749381367681,5.369672247389747,3.5877060081038197,High,4.0,5.185045657170274,58.70223813394501,83.71263102609457
5.2130447541960265,3.2832844396375727,0.7816326468388066,Moderate,12.84481107757988,7.402650009135519,65.14853605676471,70.9012045803918
7.984830412950744,6.4006197588179825,3.2750398796687334,Moderate,9.715549213990323,3.745805096306082,91.70553189881805,85.03551171902372
5.5379774946590175,3.848724347524452,2.9770352262405066,High,7.652936341929967,9.06872706688204,91.996835892361,71.08860956777141
8.180626905613678,5.244019629290723,3.8689372494016325,High,6.895356652845312,5.644726589229253,89.05624690871831,89.74247279130437
8.737893368511106,10.0,3.1793705526212297,Moderate,6.267158777102891,6.610213466481458,63.06614079878723,67.7363934435091
5.7689765224724345,4.8078802005507,1.5403965886776667,High,9.291230948339473,4.180797847613422,83.6142741520031,76.36668367247499
8.445064193866482,7.298546652571352,4.794857252496737,Moderate,9.989963337584708,7.445972526238442,71.68543190388706,72.81729242180019
7.619171390404747,3.593647149748225,2.7622056404595448,Moderate,7.6749477437402005,5.092516774323343,70.68384555254512,84.74347198049682
8.233090239991736,4.930023019006077,2.9590431907351022,High,10.213980825957005,7.298457580610196,68.83957978571246,81.89867449326255
9.845189473980922,8.54160127127102,1.6000980613902058,Low,6.185479906477755,7.514786937954779,96.37626786068688,89.61444271296563
6.631917825995695,3.746065884424465,2.3350766232127347,High,5.832378300026328,4.704735772822919,90.48757908334696,90.22129616356334
5.869395753463765,8.624897115993857,1.6727959289596486,Low,11.626682410491098,3.7529417581720104,81.17344627670646,60.60695038158017
5.665728355561715,6.415503870910951,2.7405809101148657,Moderate,9.182217227077086,9.063799833089089,67.4454855173406,60.107311479264645
5.776284572551843,3.8750664482114647,5.567562720213515,Moderate,10.793696403626656,5.615401931941836,70.59341137381843,69.7446655549839
6.884347435878844,6.264815478111042,0.9421482856029657,Low,6.292120583224614,6.449697632091277,77.95849906806602,73.02706742603542
7.511727962224966,6.9451088992534595,0.5796579031848883,Moderate,6.15294921646254,6.970929049293484,62.17586632218966,72.67878486398027
7.415036198995028,6.243619924434393,5.206755491240413,Low,7.282781361084916,3.492599740203559,84.07473573946756,88.8788062011151
8.240774873554036,1.8595505602190872,2.6860144842722007,Low,6.3518823169219765,6.925332273639775,56.1813233283564,93.355934770794
7.0195028378168605,3.545725648350263,1.9963908920101252,Moderate,9.410730420456902,6.198253072309274,75.87765531996108,77.96815177350004
9.180301115735976,4.504962728896991,4.559857031094115,Low,6.497747886147109,4.712938604591217,35.654266753110555,92.71473144568806
6.603014750143066,4.851133141799908,2.091576690394704,High,5.656660283865419,3.6869280303245415,61.74072210096805,66.21353654291609
11.080253749884427,6.241344195101356,5.739014570320404,High,8.284030824510465,7.211771095914539,100.0,100.0
7.938501021647509,5.355402001866508,4.016888807008904,Moderate,5.420027648349573,8.255424016389759,85.54287241587866,97.6818746881117
5.714263665375576,2.3293112825797975,2.268132887781446,Moderate,4.401072137049221,6.357181034785606,93.03202674901786,98.5589616192546
5.393661252908331,5.760395702011927,6.235962319898255,Low,8.266514467722555,3.1310693163006262,59.99038498968427,73.46618743111082
7.723708622864778,6.221171490567646,2.0914276154949922,Low,4.50155991397958,3.8853343656505395,71.55659255200653,78.33619662437856
6.664805822011224,6.11958089586208,4.113143058013961,Low,9.550558792590845,5.135752581351893,89.22988379641457,87.3313111189008
8.071000741138137,7.161561451109243,3.448938870609738,Low,5.209332547494409,9.1292394823215,79.49642402058066,82.41456016216571
7.709856436860317,6.667844309097808,4.952611934098197,High,4.0,5.5064986758022485,77.62848816037479,89.43817320116534
6.890756631014691,5.918360158456873,5.3422667950902785,High,7.412406699718412,5.0628621544036,94.45872955495093,85.07510972799881
5.729809422897393,4.859668577082706,3.04800622359865,Moderate,8.289189006592968,2.6530304006477703,54.39317551579108,65.14775517034496
4.727729162971203,1.6780781329680172,1.8698731944807248,Low,8.982950127363882,4.686630419779778,67.23642940831745,77.1733468612048
6.330227571899468,5.859236438265172,3.6899582144086747,Low,8.344031398031706,3.5341272920183395,43.68871655995969,71.85914282623447
8.284598191485209,5.4153753743262225,1.983426945371841,Moderate,5.881374757764515,3.9936403381544,53.573409220965985,83.4077590256768
7.321140616195306,5.543157674390747,6.0200808712899345,Low,9.426122361853208,6.239901360317485,86.11278088268456,83.65091225412303
5.131391831932018,2.446502848359381,3.2048029966241063,Low,9.920277012959492,5.197671588777645,56.23976100711815,66.19590367620299
7.259771388776773,2.8378869191834752,2.452017673031837,Low,5.588475743088923,9.39898890534269,81.03286381187645,82.0561448798845
7.577976069593255,7.1063057066658075,3.2770204587973626,Low,7.637987722680772,8.156006745414953,94.87727562952121,79.17247262459396
5.674213845698301,4.92088969228669,0.9793105657054553,Low,7.451119945781961,4.782232124379322,67.33092737512092,64.77811962878154
7.230587658918292,6.363001394745249,1.5425789422340226,Moderate,8.440763165576067,4.16636431651897,77.7979515969972,68.11441993258462
7.087313077669,5.056636752260922,4.800620861916638,Low,7.590152416451782,8.765283871328386,81.1496819431438,87.31901400409784
5.2855445532540655,5.05951227899149,2.014658581542906,Moderate,7.864244455854046,9.320084978966966,51.677574054001525,53.070004338409255
7.536681040522425,6.876567611951995,1.4296335259770907,Low,9.283631060483382,1.6115035129089357,60.753214820484295,77.52159716837528
7.841176789552351,3.967910543565252,3.8049791287909294,High,5.772293800797733,6.185715247943403,54.945081824922966,88.52183772355205
8.624576864762915,5.192241553881967,4.778556231994496,High,9.47474627052165,5.4962433842065455,61.94915334875457,87.45136127888702
8.580703078052355,4.075449422589915,4.0784299659976,High,10.282265463062501,7.298240280119874,80.74166047121649,98.66143195143901
4.933495948064364,4.131007545135369,4.494071528708725,High,11.268269986977737,9.885336248323007,61.072049035865625,56.36746047398061
5.593262440127316,4.381655753062721,1.8648073671458087,Moderate,4.0,5.031885961344403,69.47270159602274,82.72974417344643
7.77255290081299,5.444267543267426,0.8672839998872344,Moderate,7.634196685769564,1.8786029706721719,54.36307574603147,75.75534173341292
7.770678926368313,4.042502756673045,5.25200047793323,Low,4.069798851292822,7.1580154002985275,88.39633246800554,100.0
7.772571529459071,7.511512251147042,2.5159802417367962,High,4.0,8.779928137208405,61.82335014664994,73.22338612841835
12.0,3.2107853955609924,2.623750475317429,Moderate,8.288186095214957,5.392480436960451,92.8447082786493,100.0
7.85633576603975,4.626256711677282,4.992291212773587,Low,7.201696414299277,4.5899250397206774,70.91393640774041,93.39688125615294
8.703348460270899,4.12053788345165,3.8343450141009896,Low,8.599701903541494,5.125481189244601,48.89500633055381,84.42274387276764
8.431002645239804,7.893955768707466,3.6838316581224113,Moderate,8.972255380174632,7.700410734262469,67.43459880181564,71.12008026084236
7.977086876958697,5.393109553023149,6.2475035173516265,High,10.495791916215842,5.0910781174300395,54.058347588007535,76.73246712539655
6.527096133039482,7.063689078937269,2.0347226544297854,Low,8.10784085061156,6.65752060068569,78.8402406606723,77.63767150078084
8.138453830739902,2.028879253926056,4.391760192121856,High,13.846711234638175,6.05560583147988,66.079558265097,80.57003841275706
5.840762178193643,5.534100531738518,3.0855196873456268,High,8.612819709970426,5.849240775154468,72.44815382541032,72.8539622798594
6.644772089889987,6.779261591246874,3.4028884182948853,High,11.684958089134422,7.402584653504466,64.45970334930156,69.38066242801392
6.2719546782563445,5.164567978550848,5.292702639618797,Low,4.0,5.042840200271611,61.66986544205012,89.43206909442337
7.122811209079484,7.130960750130702,3.7617536344344353,High,10.69947905910125,5.138826879635442,55.39566985576559,64.16707454140933
10.471987850010263,3.9654230997992554,3.807444118574449,Low,7.638479020408879,7.595205699999508,82.54334405232294,100.0
4.199102211112378,7.81869488037116,4.608761005964704,High,4.103305481145457,4.026149351662695,67.40270347300454,64.79568438982643
8.029390285561771,9.5977962472385,2.452570905685672,Low,8.84109021845624,4.2395596183553454,65.27963659452423,60.66630671645289
4.5809261932155225,4.274322879120682,1.7411854989914906,High,7.394088924031365,3.479371417312813,67.02679152336759,71.78915289544955
6.29210220131585,4.1089949571984565,1.4327862089684498,Moderate,9.160106496896285,7.698021826553107,59.81707309771338,68.69855713851129
8.63342589545105,7.906768954235401,0.05046511593599723,High,10.022152915102156,5.789526063837465,65.32972859835962,75.52684139244761
7.096420028643194,8.159144291461425,6.084310694910483,High,5.021699766476808,3.3727697078418672,73.08444722040231,80.07727798070916
5.38338283310604,3.9542799456934636,1.3451874514174753,Low,10.029837964910316,7.707617124618137,54.48794501414852,66.78194145663419
5.927044436110048,4.159626365808285,2.668119564621342,Low,8.012958968441433,4.888915676849129,56.659720103811885,78.37831486542137
8.019396623402013,4.436430782278985,2.584780050166619,High,10.705682349386546,4.25664384232623,90.6742614043401,89.07972035944178
5.904450052424295,2.311098977931446,3.4611100467136513,Moderate,7.589703542004264,5.608642882246096,64.55865200800666,71.03126297473561
7.324687884372962,3.1626961070316035,4.223605818808945,Moderate,7.059182214937158,8.957447218935783,61.72658786613985,81.99148026966688
7.06835775985572,2.9917184664958643,4.2907102325396185,Low,8.054108081377903,5.21007560700686,49.84192591661087,91.53874953230039
6.022599478591275,3.464404869791743,2.1253838421465923,Moderate,8.203721412759705,7.1506777282311695,82.76016456211359,80.82761884659723
10.215916133987989,4.930630225226437,2.749317429320383,High,6.674430397016529,7.4541600409019075,54.16111279733735,94.03585158503533
7.950878533477017,5.468429465073042,3.4238699257324496,Low,7.007390538089433,6.886546596012812,69.77061008557813,83.28456183798251
3.962286120013589,8.101000985628154,2.6269633107246793,High,5.546248930972421,8.542143299348524,44.37722396025114,46.096790207585386
7.279681472154142,3.003291918522418,5.411018364029989,Low,7.130709820419611,4.585767990735442,82.27259200546175,88.27379037003956
6.007320302847418,6.968644796953168,3.736462427457377,Low,9.352620119995159,3.9133303138993276,87.65284365427871,78.93088066596042
8.278650002194336,4.572022311548982,4.102316679074726,Low,7.725291652187712,3.8740666879500103,77.26780518217024,98.99855984650556
5.811218892350949,4.901072580695134,3.994321903001119,Low,10.018130592094657,5.711063169400413,46.98279802892055,60.9437894494719
6.827895337799651,6.3496389843332075,4.760210786227987,Moderate,7.629141064693853,4.105906684318942,82.58143215863846,82.9415170671449
7.757480918470685,2.7545559568754028,3.2715323380555605,High,5.136964004553372,6.295081823730657,57.58976500539471,88.77449668212458
8.298632791255182,5.764819492368101,1.05475207806623,High,9.194549775113165,6.153976839449786,52.435421819175815,74.1938011488687
5.199555389416336,5.332904416426112,3.5995319276289623,High,6.652753717933195,8.037146606372081,64.2480843136352,65.73445775633448
6.498248146238577,5.984902528016298,2.0229646593122563,Low,7.5332654224729305,6.582288616472081,63.949484899802655,74.54182580144284
6.287582033258566,5.5783372878156365,2.2070749773753646,Moderate,10.475144094968234,5.167696288277104,62.424270232295655,67.32053847717835
6.020006151139432,9.91060027982179,3.8795460281326397,High,5.678259080556972,6.821698408865366,89.10511371857041,56.77265378044389
9.648181360421646,3.7245200314973683,4.857424607150453,Moderate,8.32948757492877,3.9396119602041186,100.0,100.0
7.607472566441434,3.9380060899963647,3.0319073651040926,Low,7.918963299928416,5.923718623951365,49.46295193975803,84.30563623846359
5.108674068497432,3.753718947150471,3.463249518898446,High,9.401851430874206,6.638802467191161,59.667514085131145,62.60707884954483
8.376792920582163,3.8890457616794905,5.553322416952857,Moderate,9.710306730964046,6.258635196300253,72.14122504067436,94.18537904610692
10.18323429551895,3.7252257453869646,3.3611297692328526,Low,8.527678008497785,6.830130189871968,64.16925263594159,100.0
8.54869789082672,7.378033062215104,6.9025246712705925,Moderate,7.279250706839201,4.711907968574417,75.99098123917774,92.14128182884076
4.72094505106898,7.841008495979709,3.848264468447316,High,8.94674500805192,8.304062805619033,83.73978033918692,66.88412681000702
6.273648890700623,3.8585074125010475,0.35885586126627356,High,10.671311794289124,9.644337898791413,81.24048913405062,67.02050023734
8.900366723779934,3.3352888537915426,4.130012431656799,Low,7.945420120720598,2.7946477102828116,79.14600351774749,100.0
5.938495801571829,5.942831112772808,3.571737577324167,Low,7.4654877711539465,3.5688040080915036,94.88643281379585,81.68324856387365
7.665729142219343,3.8955539114380575,4.934629131124119,Low,8.776340515335981,6.086166016048771,46.16579075625836,79.17470054511776
8.161951080144005,6.265863635511021,4.009772026904938,Moderate,8.077454040739223,5.486898038894252,92.20163187931922,89.35050878637414
5.609604292632875,5.405846041702599,2.7923160240243394,Moderate,5.324581152164402,9.792824811545565,63.80512548865384,60.623547588287664
6.9107119659073,1.9685117700055361,1.1635526455659515,Moderate,8.478661600794963,6.439568646848922,81.7768783101344,84.69623158373426
3.0,8.095010402660122,2.686465114070962,Low,5.306475182472472,8.785090507451915,54.55500657580835,52.39862998887737
5.463418537998566,8.591755346191043,1.7242193186860497,High,8.74896129281689,1.9017522270927998,56.372554121600835,52.05838707469475
6.62114777291026,3.7744226190312276,2.129214825292916,High,6.405714551186866,7.628338966664704,79.93175937223042,77.45285131890101
5.128325227052725,4.224596880128032,3.8828676066309145,Moderate,8.073749608372692,4.568966361483358,41.06904965875232,66.68075668869844
9.448616955897453,5.57173078144981,5.50485675652711,Moderate,8.781187812398473,4.536914860760685,84.84163117432469,99.83731443791729
4.85478793305905,5.66891357997405,3.5920072947344717,High,12.907806691887142,5.503283947175752,88.89945253512383,68.14337888564266
6.339933269954525,6.317088545345661,1.2061754069472235,High,9.48549992357385,3.150832720537816,72.6667728074344,69.01300789803862
7.196110865929137,9.0204090775327,3.6669040023302113,Moderate,10.72959761948467,6.885571050643705,72.12641553367835,65.27041310423246
9.161909933599173,4.646105545011901,4.794947229968477,Moderate,11.743495637387849,6.38142993343359,57.49545782637322,82.95866758314872
4.846206773230841,3.4034055109230925,2.0853256435209264,High,8.978511833998889,6.532384496374541,80.11674103605503,65.8473579073706
8.74474562823244,2.2413615439709456,2.7989742499906236,Low,8.571379600534398,7.774062044265812,75.21497869611139,94.17399483144337
7.015349591529381,3.538139920116162,3.0220322920937956,Moderate,5.866557782347568,9.029564092388307,56.17741905964266,83.15320271568146
5.527737023428074,4.933746054252405,1.82265253037664,High,7.766740135199211,5.2725779018249055,64.12780074867712,71.37367726687752
7.693155211394906,8.589115727035576,3.9724206507657884,High,6.553824540728275,6.954701279472947,67.60996862956294,65.41961204100647
7.298589543360205,3.964777401927657,2.818577777088328,High,7.197882299751227,6.585976416669959,64.10796705221219,83.34498813110699
6.099674684261808,5.447575903277797,3.6292986658605417,High,11.741326752384937,6.755229012657879,49.556328799750375,57.45007491260072
7.1047031274850285,4.967154207854496,1.6687617332968498,Low,8.229243018399979,6.785195328931967,80.48530462875843,85.93692803865787
6.42202960470736,7.376786546896168,2.3438125495148845,High,6.248200844567783,9.181006689129678,66.34734316147158,67.6496573889801
7.170276017876872,10.0,4.083572036741657,Moderate,10.74906690938261,5.080646263021412,70.23047163839964,68.36483882794526
7.99319601178157,3.938262454159359,2.4407502718623495,Low,9.910550952474898,2.9485281935926357,61.3260011890386,83.72197969663537
9.379025224218028,4.021121114963556,5.590445776850108,High,10.015306985200793,4.604252462768225,77.12907210957985,99.19388802771684
5.143276751759727,7.0883217541381445,2.4005457215780965,Low,4.0,7.51453386707081,72.98044276572105,75.11133349045214
10.1995500619844,6.363782979252623,3.337027088627829,Moderate,11.897341915442972,6.046659017294354,88.19176583695628,96.00918539317294
4.071868300716247,8.693414651472068,4.398886247809635,High,6.882970515812225,5.064801319010008,77.20898069408477,61.43960042151913
6.772322357446625,6.167856370651927,0.8724514006004522,Moderate,9.55590954558551,3.8470054631807162,66.95973397244333,68.01166375596527
7.882475809726865,4.281415818425881,0.3587867820288362,High,13.047599581234063,6.442572243461065,58.904247737461596,60.40713423568632
7.421487801602549,6.181309661384619,0.711515528144858,High,12.310665496381235,7.289012550547618,82.98929025874968,70.75115503702473
6.065950720269109,7.2174071611658155,4.893876155140774,High,6.044875749054626,6.611744110192056,65.76135851820314,71.88411440321802
6.687816624464087,6.640964362394728,2.17221278116133,High,5.110965325995454,5.493339337690108,67.42423650105668,77.697879456504
6.2604985980117505,6.014548062214596,6.837298928502379,High,10.860693197695856,6.2932825685949245,67.42042590560987,78.8643462746379
6.115952864583683,7.133349379178307,2.1536286020139173,Low,8.284111623188,6.28168593311483,63.97588434014306,70.13649079879364
8.274403145531537,7.3385911808913455,3.2768269547955553,High,6.99823711739584,6.379393862435324,67.68191508655195,81.02268563648327
7.535523228947571,7.764317982075054,5.313164928851814,High,9.242437093878095,3.6313900979617597,98.89311344098866,81.95207802409298
5.960635607109019,6.297419775179286,6.009139332238684,Low,7.674240845081118,6.394652701229756,54.28266918808462,60.561416407467895
8.349399813149876,4.665763839366291,6.092255364954597,Low,9.402648274097487,5.118807063067611,57.78243683857585,83.92267055313467
7.460949281314914,5.293427372866645,4.812549345889714,Low,8.133963615637466,8.081237212019518,90.76486627231375,94.66428272349782
8.21929317825844,7.413017933016714,4.536093788717194,Low,9.444775856656333,6.265837283500548,64.37793423257392,85.92743621746078
7.944443262885418,3.366128658025528,3.8887904238017748,Low,6.2109346217272225,7.670958443645784,63.24068073887658,88.19675127453453
5.7565074836168915,5.737346617745803,4.167541614249957,Low,10.84892402626527,5.396437225900495,85.5229578516015,66.58784861211726
6.159728439704546,4.213322375345278,2.1732214255072,High,9.395246741464877,5.468572324777083,48.69706574077374,64.31072733374482
8.120940407684893,5.057489645869635,1.7727016748665392,High,9.292594738807145,8.988502492512664,82.32181643880108,86.43581589495493
7.915555398150198,7.556903725214598,2.994938313883572,Moderate,5.764660145976013,6.8726703768310164,70.68424643982316,75.62748991139071
6.968647609053778,5.382198136039807,2.7447230662126074,High,11.399264833288495,4.570970935188523,76.97203196247966,78.5534509115349
7.175991074963173,5.092873096312298,2.320157926009087,High,7.972567801267464,7.793948877240949,76.69046432878189,79.33878216387974
8.916497343682638,2.2802877180401615,4.044581171185073,Low,9.456097724859681,4.933390533144259,60.58026120276043,98.43734344224247
6.112642916746255,6.492507132054442,4.432957812855766,Low,7.354351072506782,6.451396275623046,85.76775670224859,87.28906793430602
7.820646071755057,6.29096836228215,3.132610329437771,High,8.521778129364193,9.67334926171881,61.747934327828965,75.51281715105965
6.6967110213491585,9.32650944661092,5.216295121582893,Moderate,8.594254704238809,3.1374352247238915,76.13273528498112,73.4822016976807
6.67347819515917,4.384443530093998,1.2874663287997423,Low,4.0,5.648436156466927,88.56586728293705,97.35218490057213
8.648165277980786,5.438300655327878,2.7095108110804227,High,9.164896249309662,6.816543281804061,90.68352549769705,90.73387654774702
8.238124523482044,5.498767367421511,1.9247665190957925,High,11.93068292344417,7.529396669329348,65.99310496088961,68.95162650045054
8.220264454000958,8.15490655952695,0.20019507439041018,Moderate,9.079560517983914,3.5175321852782546,76.94702911361516,76.4215549608826
8.958218210731493,4.809408935226096,2.875978971235951,Moderate,6.084583502220523,2.928419462849964,64.60766814694571,95.6791056290189
7.031505762449139,5.558043051540679,2.8173787374250745,Low,9.299923132307773,8.181498703980852,100.0,80.4472620186783
8.022929456942446,6.215793019433079,5.270174614863197,Moderate,10.118961060346678,4.559170286392325,81.70189008810728,84.19264234332786
6.534599865109816,5.3732182463127165,3.946217526832166,High,9.024933032380774,4.4754349840053695,71.26087653755404,76.3199106323904
7.486249528732663,4.107132770898944,1.4637197635061927,High,7.851745787139913,9.100499345544334,74.68843260186614,76.90625382477572
6.804785418448473,5.388179985796615,5.781138849501282,Moderate,7.515701548352139,6.139404629463645,76.10658123169101,83.51188315780608
7.1454939474890775,7.1472634997195446,4.83155054328803,Moderate,7.507380489266386,6.152476455363148,76.55115311175223,75.28659605791646
7.89273553815537,2.9469694011778795,3.873146555202924,Moderate,9.395553802022425,5.640401109696935,66.40002673530165,90.48611224630805
5.7726689751497915,5.265939348293752,2.660273851725252,Moderate,5.185752009880744,3.55203586651366,64.08509051147237,77.83694437621924
10.138580913528191,3.599758370121654,1.5608411449147803,Low,7.256253678289187,7.351393898788776,67.7221995741026,96.82220608926112
5.4909739277504475,7.390093257849685,2.4416898358934205,Moderate,11.191219646021896,6.818901043851247,52.90462442429189,52.12177965421022
5.1787170808184015,1.9536261904324506,4.633122929556279,Low,11.268390533154353,6.337382650678865,80.7741161046169,79.40290279275658
8.737166310250101,3.8821563054568236,5.826879458901914,High,5.043705824396676,5.7673539214474845,57.97442436026541,100.0
8.187494040944404,5.754423750129042,5.3148652924082835,Moderate,5.737172777472782,5.415360701323426,54.10074881522925,86.85006375037665
7.936179725578233,8.13104805846868,2.266725867320589,Low,7.458758840944126,7.824966779094829,69.78468300153777,78.062340277354
7.94251826389642,4.868499477854025,1.3205738500664832,Moderate,9.785179034228705,5.71741387358781,68.0481605546517,72.78542641168607
6.981629840729628,3.8896009466136032,3.2113293703668058,High,4.34505129189402,5.871877922932222,73.74451713683483,92.34179455582503
5.654118442771253,8.76231413888118,0.34734095165572265,High,7.890382730165044,7.059786309767547,61.47691945905385,48.55253194992513
7.113706837290589,2.103972199167512,3.4847515712771724,High,7.05164168684071,6.415921861360772,64.1118616265354,85.68553518637687
5.984257432731832,1.0,2.778596120551997,Moderate,10.651929348570468,9.284552115080878,80.38179257632736,79.27104184008702
8.462679600126627,5.880028900106665,2.3009452471976366,Moderate,4.646183052061492,2.477266445053391,79.4682580074279,91.29614333077227
6.779413927746792,3.9958915512947777,0.6079453990998069,Low,8.185081230987246,6.599814876734526,78.84287569265017,75.55268848521963
5.761754204811233,2.9575343657385735,3.770400159854575,High,7.212781125302812,4.588788439055662,70.50951418527224,89.3082378245742
6.51792123752051,6.416712894598707,2.200948740507133,Moderate,10.939597852554577,4.115826930490141,72.53383934998412,69.20334894608212
7.6193971814134365,5.487601427542398,1.245124746434568,High,9.1953052927065,5.085871587911305,73.45658331565755,78.40785353108338
6.154413170794038,3.871842738526543,0.0,High,6.82836868148453,6.109358816963523,60.159373902865354,68.56663815230259
5.766669406650353,2.439391202658211,2.9587276424240456,Low,9.706772886658165,6.19813815184682,92.11069900219152,88.59223744753916
7.365530817237868,6.744914656560289,5.658377395004616,Low,7.2223422933828525,2.965387568643014,89.97382048731549,92.87819143518965
7.367449856663084,6.300402355917322,5.491888821821805,Low,9.998659422479507,4.917832340644361,81.9136838650145,82.0334603225991
6.239585236943306,4.801648272441234,2.314355615120592,Low,7.525846018228844,6.562443102952918,63.61207620397603,64.73268386539742
6.2934425415725155,8.693273992095332,2.0966819094573292,High,10.109333157537527,4.246139098432691,78.08716176925225,64.67824653853728
7.348074906036454,2.859830467347695,3.7031613841125357,Low,8.8721639102545,3.7704321905669693,84.67554906654658,96.76959017305681
4.8278734877540135,1.9489496581505223,1.5024218412175627,Low,14.0,1.487735385014111,51.65204647418285,59.41100151237764
4.888804338435167,3.616183860237511,3.452687849729199,Low,7.894207989167991,4.6736131032492825,95.41767642547745,81.13425055806786
5.922333668121346,4.908827967289004,4.149120417577036,Low,8.765724583242896,3.7007416020983723,43.90918583266307,72.19265505403477
6.6798292724322295,5.486678898645383,4.840399835826462,High,7.041150516568138,4.0321342337798844,80.56908729563614,78.34213523232783
7.466361348397007,4.5175278842873405,2.8497688852800707,Low,8.005370681509557,5.456359393440693,91.79923459378703,86.30985490506478
9.213034325424328,5.704110793028594,2.6944893747345513,High,4.0,4.800342246914204,68.30404803959453,95.91723487060113
8.286489434803029,2.496921151619112,1.6830261198651584,Moderate,8.931168033082065,3.667524212281388,67.7430340026539,96.09146209203786
6.7600922050548595,7.887529208146519,1.75967946894021,High,10.685748425898824,1.768316869533546,80.01491188970385,80.79366545860036
6.971475688145967,4.835697643214862,2.66028166214771,High,8.79326000919871,6.604622610295285,97.77822837900808,95.0030785668252
5.496205953043287,7.234591663176255,3.5510482602242672,Low,5.372277084045246,7.505654427616946,65.78398543087951,67.76932428329528
6.972230296011415,5.685450692755408,4.370376939349875,Moderate,6.396425694581998,5.206510042011253,58.28567212201083,76.80897192579984
6.567012041619792,5.913506438307568,1.7952315739794829,Moderate,4.0,5.468448607091446,63.64336816588012,80.92517722266224
7.484077840507134,6.139534560464408,5.239032853439283,Moderate,9.957848013730848,6.005621031372247,46.71229011570669,69.83318059214622
5.759153584671516,5.8954171200346295,2.5933145984361468,Moderate,5.98697341458084,9.157567153224504,83.46636848072734,69.38755260452018
7.779019771361758,6.285445519735088,2.9679490584773456,High,7.942582819575544,2.864584412348458,62.28875420929211,78.35649777380857
9.299108369503866,7.658305060264863,1.879182481278265,Moderate,7.69252485534556,5.171020548254861,66.87491268901667,78.47829110382753
6.8368597773147135,5.39304233940294,0.0,High,10.975454071316534,2.556054071734561,83.6443169712851,76.14238489637029
7.602567583148412,6.418007515177025,4.326068094541575,High,8.170562635931477,6.724636917471118,64.34634513385227,74.72236611740968
8.03521598756667,4.820528611425546,4.10526584563865,High,9.617785840212019,5.712083212423978,81.38635593082596,88.62778088782888
6.398169292171246,7.880234430898946,2.57800866432268,Moderate,9.092927528295325,6.405984225872155,54.4286724427557,67.76415396834292
7.336138722715625,3.6472153958814606,3.100486075837308,Low,10.7188228399228,6.306245125182153,84.38079142485996,85.48048119037024
7.0188886011726925,8.60188086582163,3.7739088265561493,Low,7.521752610994082,7.981416507407032,75.12857531898206,77.69485667391622
7.146514147823248,4.919684098711313,0.6561812146701858,Moderate,11.739230661009033,7.076265929136932,68.67131453770497,74.21244631831343
5.8404853242168,2.1384497957639037,2.206420983980558,Low,4.028675687201369,7.661015915320175,71.96340231915694,88.04511163488141
7.036765261388414,5.2562088298215786,4.19139701943274,Low,9.714946996002471,3.868930620206112,50.698580580208954,72.79545296650308
7.746997436868175,3.6378966850502383,1.118565865246126,High,6.266760782671736,8.386341729950288,71.62001115920455,88.9604891902314
9.176715411692562,6.681287097977448,3.440336898249944,High,7.014500894440095,4.555274521022001,67.87495321965095,86.75597507105313
8.43890623912781,3.694752041395218,0.9651272930648922,Moderate,9.138828533802071,4.670260914752038,51.10851084343655,79.98453092002418
10.229773686267334,4.107633133570441,3.6996449736502894,Moderate,9.122804099695486,6.5416851547059895,59.933868596401844,95.63052162342525
5.848978655667926,1.220918538108938,2.946537776553775,Low,9.212856027380143,6.6038365260985525,68.06132113071223,81.44365162719785
8.308480955081016,4.095387361501847,0.5773022761417357,High,5.227684111789523,3.856286395535043,60.89061722578238,83.37888125564571
7.2750130086075275,1.0,4.747109031685757,Moderate,10.89806046255848,5.653441416452206,33.818291424243746,73.378743848478
10.28470439982651,1.8321943530285534,1.8981126348029262,Moderate,6.198705763544648,8.976470633738952,86.14581309413299,100.0
5.787552571967273,6.520829312288595,1.7846213444784285,Moderate,6.465425819549601,3.06332687693181,67.86865187365503,73.39535820179954
5.740417236728836,6.571600317301664,3.300853795846414,Moderate,9.275793476333657,8.970438482025452,35.890746861451824,44.869033222859926
6.1009110318339665,5.85091512356993,4.722956024143073,Moderate,7.426557650477519,5.51660309716702,100.0,82.00734551617862
3.8141564135352897,3.066047713741574,1.4762672715324046,Moderate,8.616521681124983,1.3244903331296936,88.62088496969784,76.05749325197564
6.211367467478858,4.90457728771604,3.0925197747719575,Low,4.0,3.2665365330341873,64.76526923397498,84.90405102875123
5.861301007669454,4.992794921818863,3.6432247504958593,High,8.568648899038463,4.073044924529613,57.362537629499485,64.30504449480947
7.225590679714312,2.6832706216149145,4.039658410894717,High,8.43566375902443,4.7521413984345156,76.04786816140783,91.11998843425533
7.512633963665739,8.006796603534301,3.264662332915838,Moderate,6.9802829244714335,5.790573482749324,73.03490222326212,78.41985044734945
9.814256258823828,6.7547245811513426,2.4494582413750168,High,4.0,1.0,78.1313488720056,98.38786968552043
8.425635757279075,4.558071652340672,1.7586146690269204,High,7.574383477036791,6.373608784955307,57.405695901174276,82.73686617944097
6.134644516506396,5.053771677989062,3.1292158245695623,High,7.925252280402774,3.8898189833502315,86.4665803145745,79.49485647789949
5.652377992977463,5.416765615895105,1.3917914820215898,Moderate,7.26554201933901,8.781045143202117,62.89806815236676,68.53122011324218
7.737878757259758,1.0,0.0,Moderate,4.327651071135005,5.459646558512051,80.21148622983351,93.80528792070294
5.019650189469036,4.5056452349588065,3.6548397062365017,High,11.189468014633832,7.885692343465459,58.04591109314464,55.92448242199705
9.74718814878153,3.6360315040044027,4.355902261629293,High,6.722276944111254,8.220697959828586,100.0,100.0
8.769160181081931,2.996759980210169,0.0,Moderate,7.555590674154198,8.166546486932432,80.43285023447888,82.3178136755166
6.296236521842943,4.43779941422809,1.4854039429350938,Low,4.0,4.867186514075029,100.0,79.74584979801165
4.430298206363684,8.595373053699046,3.928731391507797,High,11.189710697396414,4.841599684557353,82.41402964489069,62.73955430682218
9.030808561248119,6.28168572253402,6.086243204567548,Low,7.0669001365318875,5.55005340142337,61.57803464696974,85.88335642783926
6.828190232121073,3.8576420204344064,3.031190561513112,High,8.196925634148405,7.272474750757851,82.44071190383794,77.12649867858023
8.856724467960193,6.145165562712317,1.9079955881562984,Low,10.241474889633302,4.978609460491675,83.50866727289825,80.31710133015642
4.608358511808449,7.798710873172004,2.7256553383427398,Low,6.647391590566748,5.761475052819504,75.59986216746644,57.76111367072804
6.1009374655693405,6.849267365825538,5.062314628722277,Low,9.926489974773089,6.5471876326789,79.45588708048085,71.77080071130266
7.007865549577275,5.119260739840349,2.031053731313197,Moderate,4.0,4.190216147904267,81.42590694111513,82.51377525699216
7.070470890647113,3.706126444588852,1.8012119900246195,Low,9.101973315142626,4.063783423341764,55.094784838513874,79.1390218662975
6.324901792781135,6.39644662722718,2.275884716726951,Low,11.144484333039305,5.683472237192019,54.02712392905072,64.02604761343085
7.934274898521248,5.786970770843499,1.5700070876119314,Low,6.839166305563941,5.948357629903283,58.086745020783496,70.29443552020778
5.398569355926108,6.790386440055465,3.1840054739921935,High,10.237763240596799,6.867770960003286,71.91313591555766,59.24874024647541
6.7864307724680595,6.270343603363939,5.437017687704341,Low,11.667845304387567,7.343773149903112,66.6524324278987,68.5300608493494
7.180443447567848,7.09910543063867,3.484618909674044,High,7.490316323891961,3.8018743588567028,55.36644151115577,72.32168556709169
7.771658251088123,3.9295295768788643,2.6214697468105688,Low,7.324943428300278,4.375830136112871,81.6297131577947,96.85172827211869
8.067422317133335,7.634788131268651,2.562283096626684,Low,6.203412508335392,4.058495424873796,74.2456723020472,87.16896796336441
5.313036862243196,5.395199209384799,0.6552137869550143,Moderate,6.980539689629733,8.824894803182843,72.53393487056282,76.64882731134195
4.698828743896566,9.150521745250531,4.324664665720738,High,6.36928021945476,5.759458819594929,66.13016042239097,47.870707147342046
8.916515232847765,3.6216243638208643,2.883244204480797,Low,6.2017778031455455,6.032258590490042,64.3265784645164,88.82576111012624
7.498471017969387,8.4719276063305,2.7292801296140614,High,10.397670593422713,6.115548728027026,57.38003257286535,72.10713358915699
5.87727019516517,5.395821566925296,7.0,High,6.42014794942348,4.5686599725647214,84.00610438806007,79.19833410588386
9.326727963283783,3.6971639927711033,3.448129362548529,Moderate,8.517043829439245,9.128539037892061,59.4476067752022,97.32490913456593
7.173511951439288,4.032228331891357,1.8723134248572235,Moderate,8.076466870432476,6.822053309637456,73.14085700039224,81.25776146178453
8.76894577609574,4.3593053836113596,2.360463605691685,Moderate,10.996189125142244,6.079181059555898,94.9301559440805,92.31398584209559
7.101277722115164,5.848331892803833,4.722668563795132,Moderate,6.993687535889973,3.789487157698868,65.01613382965974,76.23256181652133
10.09112188732298,6.0456709760709995,3.1699056158066465,Moderate,8.762296093308644,3.6761350166875104,84.41053211078791,94.90617211657963
9.633011263664807,3.852599992122842,0.8425830325239501,Moderate,9.582139404552219,5.382184936788463,78.53063524053509,100.0
6.62655377728139,4.951290815478035,4.378843401862805,Moderate,10.979499214641162,4.60001641285634,74.6720134489158,78.13050636734899
8.457356426431533,9.284540717223727,1.997783871691509,Moderate,6.964493309909466,3.8651113089068962,76.4552266285713,74.83094929761876
7.968063924377722,8.455086340201422,5.8099466643263185,Low,6.764215062535239,5.258083960856889,68.57640146093604,83.29206379545421
9.052947336298523,5.872647339348064,4.620072098571972,High,5.8764378920798945,5.5671439434482215,70.52163953190161,92.7005419370815
5.552614809129843,5.076006956336401,2.329017156511873,Moderate,12.472599241696482,6.2835708409205395,61.77829077661413,62.45986076821494
8.02907718999766,5.240062653436523,4.921524542602669,Moderate,10.768944876360775,4.992161057251474,70.62185681701133,80.0605190873952
8.587636730274381,6.227035945460833,3.101783265791105,High,7.915597211375913,3.984798610679938,61.221610063247546,82.58316769476154
4.361890770365329,2.954414869603189,4.27916051268333,Low,11.862878302254114,4.054158228017506,85.08482639614896,71.97612117862614
5.225112231001337,4.48524692515331,3.7270992259417124,High,7.796273211268685,8.425945458452375,44.50753856982334,54.33609192354839
3.941151733359849,1.662831852244821,1.7304650175136898,High,9.448820942867059,3.4964846272765153,77.21579936688224,76.08300584981815
6.595889748333163,5.798446245210559,2.034675251523807,Moderate,8.02034380344544,6.72636459658254,75.0488005213342,67.24235615595353
8.076313383693943,6.294391879405482,4.544941226371742,High,8.795610903500942,7.039092659548792,73.6902394626405,81.6391319064682
9.253535578144042,4.033627075401252,2.497837001840189,High,8.583522885067094,5.757449048328662,85.36748423298229,100.0
7.1111421706296625,8.147973526580065,2.394527305137005,Moderate,7.150029253246701,9.535658116810357,65.70814614935578,57.863519449106306
9.442923318356938,2.5484686739953175,1.5673161309759704,Moderate,10.184997076170706,7.003437986055398,73.83150766858074,95.59578201676146
4.929847812677663,2.0712502395803596,3.6353985983901915,Moderate,9.431904835367803,9.685806096609301,44.251871677203205,63.64911641008427
4.4449263409672675,5.448903637119944,6.093787378864717,Moderate,10.055389187002957,4.697871996170255,63.770246767971656,62.582996800287425
6.916678451655072,7.094196605224309,1.3987006286185908,High,8.640454370998691,4.732109180213163,82.83604646762836,83.37084334784726
7.576098173408961,8.367855382915737,3.036329185009137,High,6.186860236445732,7.05507431736003,49.91257396695278,67.48520912759889
6.95095787785886,4.0822314742621195,5.118330833123144,Low,11.418772133115404,5.477068725361594,72.39615050576117,79.01791041156417
3.898836849940185,7.157361666862592,2.8805379131314273,Low,7.474887532865148,9.371330849784036,59.83724392174304,47.24962149098515
6.8663199407308175,4.922983060998585,3.678557694374601,High,8.72813405713683,6.683400767261874,68.33519542342398,82.05053502565109
5.04329574924272,4.654745400118361,1.4064097077796804,Low,9.270762717644537,3.9108515602865688,60.73483766857604,61.40823649292025
8.004508823245057,6.767319874973345,3.642460645811473,High,8.714843432435238,2.5263671829119487,51.29206593559854,80.57708372474808
7.549897369145272,6.304645756826839,2.719283602493177,Low,9.830834042460548,5.843522815313471,75.79004972439701,76.4089586629312
5.590180320508967,1.8472156860315012,4.478594993519795,Moderate,10.146755844632997,5.8217537409335325,69.2560485696288,86.68231191666477
6.22919962399496,7.9530806994517915,4.781079077347127,Low,7.550332993905504,6.627531846616775,79.18943679530798,67.44001664001662
5.411179717166572,7.760182708294903,6.884345463027921,Moderate,11.250934683911295,8.421381147511806,81.91656861998291,62.30591260414009
6.905981354090242,3.748874596980941,3.8694497598203634,Moderate,7.46619289167747,8.158226607987855,88.37888105633522,86.77330430039528
8.432713480751858,5.791607066874818,3.48869447487325,Moderate,8.673498097761577,4.8421979353271345,72.00230118163998,84.52404793777995
5.5214109304966845,5.988060372565478,3.2915764523660043,Moderate,7.224643632791537,3.4123611963911573,89.02931536904812,76.91270926116992
7.756069773276766,5.521347531647814,2.4702505607839678,Low,6.65305295469842,3.531757729981859,55.36338238913569,93.41168697485212
6.204613572441339,3.8993896923091595,3.5077257651925366,High,10.08838217758173,4.526396589357243,83.63439743842197,92.08793471322058
5.810690751606484,3.656753264123897,2.556897884791456,Moderate,14.0,5.266536903921962,76.8908562449178,71.49298507890224
6.839454460068163,4.9488918580171095,3.2526914644044216,Low,7.276480223359366,6.610124277930334,73.49638978772181,82.46491234869778
5.447136516370939,7.345458038518729,4.976396303411939,Moderate,10.430643149356158,4.3980648062080405,76.67098351244675,66.92720569621623
6.169526041979227,6.087200309188865,1.4901861520805384,Low,7.3481773745996115,6.560783942226629,55.58891682496807,59.410898962264326
5.203183161116727,4.258771335827788,4.709817841693568,Low,7.979030046287991,6.724080291718104,52.04879785112466,68.67089027289846
9.947087699374585,6.54339742129669,4.975672601009798,Low,11.515167544463344,6.286687765191779,95.64742279115498,99.04696794777242
7.052895327957593,1.0,2.822897209513382,High,5.852929429849388,3.74275400597461,67.46916732704095,100.0
5.950411738011121,7.297531400744207,0.0,Low,5.323681862753754,6.935653450471916,67.25509867289949,68.09335994770382
7.320969866101333,1.5205724424438007,2.0882670193583515,Low,7.825602702473701,10.162539257533446,53.46535788638062,72.8094586307911
6.831507925463756,4.275118117193736,4.9454918198416635,High,9.327312055875348,6.491793653825809,47.77332541754745,73.62626641227773
6.668545600700165,2.7606602107477123,2.965697906551677,High,8.927333143361764,1.0,68.67521681781577,79.85937069033315
7.9212500500651375,2.4106370485581885,1.5010466515576337,Low,8.721358351385993,8.481759144093806,64.87618117736908,89.11970787681791
8.136261565070958,7.321653574757039,2.242837618157674,High,8.068263963023156,4.594504446601227,70.02601535113676,75.45100457760243
6.204248278584209,4.064597597376217,4.260930039756829,Moderate,9.57308005396784,10.531425380991385,71.30730910573263,73.61490537192753
6.13627263903298,5.693007763461432,3.820100352302069,Moderate,4.0,6.232726902731921,100.0,91.41006504667783
6.587422454272534,4.906158842241632,2.6416018512454587,High,6.498389389824519,2.630598612028349,64.92130028891567,94.43074643609776
3.547118252896623,5.954081654446243,2.4497633822779687,High,7.812775181433104,1.870605020082495,93.6991016191517,70.63421045816132
4.727213406702171,5.15364378212051,2.412362776434267,Low,9.409069598205019,9.079481525351756,94.63036322567417,67.00452909602957
9.050311401166788,2.4340155516228608,1.6163847232522461,High,10.979530280137134,8.211809971834544,81.30436427907976,84.68727308313532
9.467451570251924,6.99253363889428,5.423063534204163,Low,6.229800583665719,10.45203777153338,66.47310501176332,94.64417410199768
6.626445940665432,4.012486833677375,2.5165192961829903,Moderate,10.914157251073135,6.021848971147111,49.57791495800906,67.69991511282156
7.864835444583649,1.886836202680498,4.825737781238245,High,7.094876661597274,5.886940233240639,77.1691581600086,100.0
7.466875231815304,4.143769678068175,5.281974077883677,Low,7.740180434038628,5.234562415682885,85.28218119551417,99.73490213729639
11.618321212682856,8.00151958126862,4.49746634722194,Low,9.162865037595227,4.683419517481559,96.21531196424476,100.0
8.679362367151866,6.7004434842269855,2.3525695309229273,Moderate,7.593527841386454,5.215140891084369,55.75063068629827,71.15899609337013
6.80812361277885,4.302695731184282,3.605595135504914,High,10.220235213332636,6.434926664648059,66.34710416222099,77.84541849138856
5.566689339099361,4.301484591363143,2.9637065904136257,Moderate,7.190791709773713,4.312198426175796,55.842031143657294,69.43611181063744
4.590330519613641,4.356729897565235,1.6444472089048077,Low,7.220930017439332,2.661421306252033,60.49783011344616,68.02361923708645
7.305195453800835,9.153495967121682,3.4865389225824046,Low,10.103959908418664,6.3197532680283555,79.9658130135344,73.79786602047959
5.865473882073545,5.763870904463107,1.2314403132602962,High,6.473751223464683,4.267608802613136,59.810428459513965,60.19561964541885
4.866619435603489,5.8600832943821395,4.781519082692346,Low,8.49785819063332,1.0,57.63593234024486,71.18294709672027
6.03014067363621,7.060566908063684,2.30307405405241,High,4.679034664612352,7.105134781314022,81.95493795583411,77.83592631504118
5.3776779945784074,5.477578318053027,3.301739483809259,Moderate,11.63927870412238,3.7838819237659433,76.7610818506532,72.88521137037824
9.530712452608848,4.481915708358594,3.424931807319213,High,10.413103872473549,7.323578909381469,75.25016796902761,83.87178356928624
8.322459635424176,4.607300301830043,2.611642539443884,High,13.50021439916151,7.275696213031963,60.206689627014015,75.64635377571831
6.988041038025074,4.856797481171872,3.880040702212912,Low,10.67672746289277,6.567180023045665,89.39534917322052,88.38391059515037
9.21991620833504,4.925555526980316,2.2876445150662135,Low,5.740699540799037,10.993635680712991,70.21735295979687,89.07489337889456
7.116052461471427,6.4552590872739595,4.306945946185866,High,9.337299720321184,5.723896300055245,100.0,84.52006002682728
5.708073698007604,5.103891771614599,0.9810304796298772,Low,6.1639824755563914,5.428720865002823,72.41749254205067,77.93937202159898
9.284686115904485,6.465280154431158,3.1895693693196177,Low,11.156075014106197,7.367344842833834,34.99978237229259,66.33361215036868
7.8083650655269885,4.838566839782835,5.908393498587428,Low,5.797719424044855,5.8891052757724145,34.331866978346966,74.40762294610933
5.444130768510315,5.157270380632181,1.4995030130916378,High,5.701690231520405,8.320987074788018,79.35924912768203,70.67911196841962
6.714491982874588,1.0035986309357847,1.9833825442127226,Low,4.780377092606626,3.4623881848489555,89.50741228496209,100.0
5.686572619922864,6.832655349404963,3.7708617744883726,High,7.023240357473997,3.49565110507132,58.24257805114226,74.11356618161871
4.925800403553496,5.692976951795986,3.269372672909397,Low,6.621044350432857,7.531618982652435,100.0,79.27814387073626
8.389266321297463,6.996020219719305,3.525945148910339,Moderate,5.476701788321469,3.670378121322793,94.94498405491154,98.78733100144282
9.864124960705196,1.0,3.7337806952214954,Low,11.979618208487048,7.218197212885428,73.15820145161722,100.0
4.902148639271289,9.176749409561456,3.952082202842655,Low,9.05976139277329,6.740005692420731,78.09180913534198,56.28566930088876
7.844453855035856,4.720820743689653,4.664549762934335,High,8.824469079713424,4.611023427944674,83.41795326082774,90.82686899117455
6.024036146317259,7.216365633475033,3.614727985392769,High,11.178328838495853,6.734340320466868,98.34992345980773,78.13952222742779
6.269311924352956,2.9201881457489383,2.638113518072186,Low,8.512515584085868,3.530815108431521,80.23203950118372,79.58146046530369
6.111409113641696,6.225547810125139,4.008860551804097,Moderate,6.502639596989721,4.000200147472599,72.81897478406724,80.13532044131571
5.704013845480276,2.8931688736526877,5.849822902342823,Low,4.5995805149646865,5.5256245231758685,80.08451796379973,89.55702436006088
7.072782441917241,3.7524620786083895,2.80104938042614,Low,6.389885215313193,6.157855638144442,78.0604042217384,92.88537055617546
5.753574825383444,8.828062707733572,1.5382060429940378,Moderate,11.010831201016925,5.392722926024285,83.86615280912491,58.52129680201668
7.405685238669758,4.6186351984733065,4.660621003930459,High,5.48932776862768,6.866231927746222,46.44965060380695,81.36640388313477
6.924642835826295,5.434865746359446,2.8194282540696025,Low,8.706254475995753,6.776932830096582,74.73780174921183,85.18689886584912
6.641577929700386,6.740135461377508,0.0,High,10.067850286171115,9.058733616696289,76.90660761369604,56.51874260528203
5.638654506937604,5.991363775945209,4.271132515725633,High,8.570689680886503,5.809429305709991,68.90729249421742,71.84726752562214
6.134843004147501,5.3008378102871525,2.1970077210691157,Moderate,8.797966657581167,8.389126862368258,81.76249666326338,71.20775852676418
8.133086838738635,5.729922004932451,2.8642000765437587,Moderate,9.311207825746852,7.841451025787786,98.81751430853562,89.70311644035111
7.751375781436571,9.80683117047655,3.497970495853522,High,8.758561743645298,10.587954566586296,72.0732569665666,73.8751602288207
5.533667132802173,4.884762405932829,3.2857495196685997,Low,11.218148344946563,5.745483960195451,80.37581621061535,68.09937832149298
7.148998458143839,5.402198093429935,4.064177725708559,High,5.919416543544779,5.1592825570940235,94.0939714067733,85.86954894969708
8.127080685057683,7.1013087920152245,2.346770444145235,Low,8.480849753677571,8.515388444487467,72.42346758912784,70.46875801085771
4.495892078317942,7.211051865915968,3.769658697264124,Low,4.363519132005704,6.770865143482524,56.67305196461786,60.90730352515974
7.815040288569903,7.37406061112076,2.610679983624124,Moderate,4.0,8.5633184335678,79.23668273631887,81.70322013257997
6.00606436158123,6.277460444058369,4.108215721331255,Low,7.836657938296033,7.433597595979,36.97500794802886,61.890933778312075
7.855898002889739,2.713990174539033,3.92305122601958,Low,9.086759137889514,1.7864758172010085,35.5244944305598,93.2376605038806
5.855111265186225,8.266863064602191,1.596841946933107,High,11.26133555447513,6.752643554062366,74.99518070674387,64.64675357551307
4.292676849003222,2.707309213962624,4.628973174262549,Moderate,12.839583466020926,6.622431795902979,34.825444253772005,63.679961678185364
4.558686343175256,5.605270930478066,2.1960548323289277,Low,10.639721341330961,6.266213804927926,50.272483863577136,65.79787111433542
7.072127419992073,3.4914482999612844,4.212086697421718,Low,9.454331488796058,5.735513891753234,64.29852154734516,86.80350321748932
7.389583752582222,4.871723306814015,3.550930970102011,Moderate,8.319929711547632,2.8157129444113442,59.1787547538117,87.434405114647
5.643525062343388,5.657524820606961,5.757275515192684,High,4.9375438736332455,7.748353834476646,67.78290244679323,81.9636555788617
7.957888688166061,5.642714430900546,2.664801026442222,Moderate,7.707926788516403,6.747536856186989,86.69305211152745,89.09391736447868
4.50771990659656,5.84384150847057,2.476024805822704,Moderate,10.580753502516451,8.20391339479485,73.57721217045896,59.929227242698865
6.900880302029025,8.227422538117294,2.970870591168401,Low,9.79656371205608,2.922488951449494,57.41019397330811,63.38531352601226
5.183475700356315,5.90706860302796,2.545230325748587,Low,5.427331706634103,7.014268979090537,90.31661609176413,68.9924603934931
6.022245838296762,4.511686729418702,4.199912852913075,High,9.22805129451696,5.530681324906874,48.56714145183713,69.5201090331121
7.071098006974621,6.928174336576714,0.575534087345118,Low,9.05678562373544,6.287576019851059,73.32825263158149,70.67662503221375
5.709379952074071,7.378940977849281,1.419476371280469,Low,8.699780240229474,5.553680731638218,46.89871037482443,55.076601094718306
6.423166683655262,2.544784369726015,1.3982956176312102,Moderate,7.944288889245331,7.0872158549602595,73.78476858595809,75.08317446072358
8.509439213821661,6.194800139699716,4.425461387960364,Low,9.331167933888386,5.674253758016841,65.22058894161104,81.87947419964689
6.134662195715277,6.402345484621796,5.565920058872888,High,9.394626077824796,3.8961701498886216,86.23356867289552,79.39006193478393
8.253538168097712,4.404872993280016,2.843326172193793,Moderate,6.717082469137189,6.1728508375723825,80.81034206791344,91.42257907428805
5.305439718013573,7.751413626623239,2.746767415214984,High,8.91002812276419,5.571650925728999,61.192910020125055,60.642249181423644
7.794706266872924,4.699888825934947,3.1050782446697722,Moderate,7.621209718505573,5.833212757742233,58.31590538775638,84.84505581127716
9.16235293098685,5.2511529069430845,4.742817453912286,Low,5.025532264507514,1.0,65.27354900451836,98.08744989165103
3.292533249809066,4.65385635143226,1.608970298714139,Moderate,6.876785929923672,7.365272167137411,98.1335719005151,72.38426424037101
5.804657116794285,5.031158095162935,3.3575534741021777,Moderate,4.87262062930915,5.370672765306439,94.2860272166212,91.90931330074473
7.86560819077081,2.8074498262095964,4.462796444673645,Low,9.96018707014021,3.3036928519634685,55.47597721947024,89.83161373848257
6.695431920935511,2.1198982348114113,3.7516412549097677,Low,8.711778755108638,7.845127033696284,82.00338007002023,91.63271762447502
7.556718810056963,8.189010126449944,3.284372424898115,High,7.28901877758811,7.272731455505861,44.02852856654101,69.70876468111524
6.094022219926269,3.3060773033633444,4.501569138850712,High,10.841042686577296,5.345359607450288,63.289863084139526,71.446829507271
7.12988468120935,3.0172153010873854,0.0,Low,8.135981815162333,3.6956612409599625,56.08653470706312,82.79776062610904
6.766484146911881,1.0,4.016812979296361,Low,5.137554488066251,6.356061469358744,86.03919186358661,96.66510668778022
8.75167309248971,3.7220765046209956,2.0188864753088644,Low,7.121042919632378,6.246212169175219,50.63923720317382,81.43039532838975
7.381631264951819,2.3538204131850033,0.25405065471531474,Moderate,11.265708374546584,7.848668565983564,76.44025353133708,79.5210871653062
7.506403993112803,8.284030320272738,3.766803899287471,Moderate,6.661048749821713,5.112528970279019,70.01065182348945,65.39242962698265
6.382184550816299,7.019634178685268,5.060487817744437,Moderate,8.55044257751566,8.389844269729991,67.36826755405734,70.84606952485707
6.26859066389126,3.6236993096445524,2.793827228058462,Low,9.487753249029277,4.919493993328466,95.07374426116597,90.33941399289598
6.351162718270569,9.504871610688618,4.429311820804408,High,9.179896969109885,3.308336430915156,96.39545788501466,65.71065864959014
7.591678213567445,6.963530973983189,5.418417386982968,Low,12.898919597916201,3.7354344890454376,67.83410772320543,80.61609797362773
6.368523278769605,4.350337232982755,4.972371680376071,Moderate,5.6473934861534625,5.875176921728769,64.81125549100008,80.33951945935569
7.434662285344619,1.0,5.459946794057089,Moderate,5.847073838934394,5.868970981882535,47.39690021795249,95.7070022424029
10.113101197968158,9.581885145181484,4.113191236607838,Low,5.680491105795734,6.655722281501552,69.93611519141184,83.08273610971311
8.306687055147538,2.220855066472808,3.113150458352389,Low,7.40816315796623,5.819251937763117,99.29954883618987,100.0
6.510964701748239,1.7092025060862164,0.5970512821542471,Moderate,10.198754776364902,7.954637032128659,68.06896990708115,80.91397811105819
8.801820883245917,7.045140864019281,2.630906267805077,Moderate,5.936530840406977,5.4778118030748475,80.93138924715669,91.26735489215608
6.387886940467673,9.879504812678546,1.7351301070257124,Moderate,10.226721011887877,2.007447470257168,49.03754014121104,53.11500778515998
3.942813197233219,7.768545637021036,6.25641407624672,Low,8.070253339855475,5.757806623068412,63.47837605399597,57.72230672797647
5.487870533623894,6.12781824010472,2.736171281351495,Moderate,5.782006613578153,1.9864426244670375,76.93697958703976,76.6033716949304
4.193812118461216,6.189508683330572,3.1848072101767286,Moderate,4.497260086864287,6.542781961995395,71.58793597072079,70.23771498639046
6.4727297739380365,6.706831117560616,3.8272280640607015,High,4.944859012381348,8.114385997969832,82.37001001615843,82.5282721293
7.027627568784328,6.5178571795735305,3.0654036695586804,Low,6.6682931835321515,4.027551027434962,60.95992173162004,78.72749227195185
9.514655968412924,5.562382847938752,5.542576560646129,High,7.661697648513359,8.837113372783701,43.75017176764502,78.35378839649518
7.490391060646244,5.208402207903752,2.066025957398322,High,10.692125953460902,7.685662489456862,86.83135345483406,78.16924291894156
6.6713492067867035,4.874813744200956,3.291911182855864,Moderate,9.598176424376478,8.412960310830108,55.95776066093637,66.12608559694272
8.244108371775233,3.4920708222666477,1.8862941214529276,Low,6.322117495839396,6.379127712869262,77.59906041252975,95.25897690164179
3.683297036488172,4.438649846266452,1.0199662331689412,Moderate,8.817330566744337,4.014469648496359,76.76285299732623,59.10399974367141
7.353421837162849,1.614086371609229,2.082346363642072,Low,11.30309253838448,7.561630855628275,45.04370207452012,77.34665254784287
8.15629779083045,4.8033207464105,2.944444804427382,High,11.74783484206007,4.75079818646332,85.73688125860038,84.19799144772956
4.782120631330238,3.022817785698165,2.35604666322411,Low,7.3711879768928075,6.235769012206711,61.50149208206546,61.316658856749925
8.715631064810394,2.792821365568458,1.961368530189216,Moderate,9.916576859410004,5.6572980143927625,70.82581932980442,94.49280721259856
7.5077446112416215,5.359788302306957,0.8905238044922492,Moderate,10.779910733775647,8.249391713593791,64.62726154051666,68.08289029684968
6.377068129148798,7.784004572689199,2.875341641056958,Moderate,4.985856153643226,7.460654011846659,94.33887253349363,84.02612020635534
7.949172799159427,6.836633212004626,0.7429194389534968,Low,6.975185825680606,5.838868403375258,90.15235312276094,73.13931663923418
10.406039286706594,1.858998792753646,4.140083945534403,High,12.440037468846526,2.0967856129196942,42.81498124343916,95.36341394859562
7.272799382587743,3.020743726859325,3.123659629401755,High,7.397927779758192,4.729545066941598,100.0,96.64062614978604
7.372330879450504,6.881542375976432,0.813672750802604,Low,4.0,7.408444578968834,59.82539901227206,73.73457935183278
6.310958650689634,3.035025212923381,2.536186384425205,Moderate,7.758076379226555,6.560220522093169,100.0,82.69881877181044
5.725233445802813,4.550733700005951,1.8717653916141253,High,10.249250998231723,2.993556131174277,66.15685641790023,72.91731049294155
8.245503724816368,6.100104198049104,3.4787617656287706,Moderate,8.013020873601793,2.3868240550622217,64.88624940862097,94.50256104971861
5.715874261136699,3.0633110902727294,5.0106756690347165,Low,9.430727893601267,6.391018300314913,66.29008400383266,81.13339116569539
7.107349355829089,5.21075101229192,0.18724129553138313,Moderate,9.876443995311464,3.885885664568448,63.988155325307645,71.23923328250666
6.283513829852325,2.331949010163591,3.172539118721126,High,7.290125097135435,4.078407078324846,100.0,88.86591859705825
7.7184697386195875,3.7972647120975727,2.7598008066500395,High,6.961214027171248,7.345215457565308,68.85455201019049,81.71825470705514
7.500493157930422,5.639563868285074,4.0070101146756985,Moderate,8.306881951908544,8.404477560831348,65.46555351191965,77.09343547491615
8.556309916386848,1.8140125329366614,3.3197949423565336,Low,8.355557845859762,4.498595945927403,71.15516136239417,95.64483520762438
6.23497540171788,5.880949475920798,1.8720460023917713,Moderate,8.108153639693942,5.910479384775653,55.489972046129424,70.98168448648772
6.595187597059943,4.960724402146638,2.5214190965000727,Low,8.19031304536493,5.851506668031279,93.95680801435375,85.85518514493059
5.5318544263265395,6.104979908834295,1.8059612147947663,Moderate,6.502907730758524,5.671591790606967,47.93378746460303,75.37233062559035
6.333560109885832,5.447828268129323,4.614010707897897,High,9.500573820161897,6.081196952312597,60.78987089392892,67.55294856433876
7.5659507395672785,7.728280859947688,3.031967473007913,Low,9.198463894225933,7.512997855680313,84.04990464770188,74.77869681825916
