AcademicScore,CourseParticipation,AttendanceRate,PhysicalActivity,EmotionEngagement,LearningStyle,DeviceUsage,FeedbackScore,StudentPerformance
77.45071229516849,68.52355095063282,98.99355436586002,4.167541614249957,Medium,Kinesthetic,3.26554201933901,6.493339337690108,High
67.92603548243223,88.18833280940261,94.24633682912769,2.1732214255072,High,Kinesthetic,0.32765107113500447,7.2932825685949245,High
79.71532807151038,22.028648523617175,85.59630369920174,1.7727016748665392,Medium,Visual,7.189468014633832,7.28168593311483,Mid
92.84544784612038,61.259384733811416,78.53063222294426,2.994938313883572,High,Visual,2.722276944111254,7.379393862435324,High
66.48769937914996,36.98714861756346,91.9822331361359,2.7447230662126074,High,Kinesthetic,3.5555906741541983,4.631390097961759,Mid
66.4879456457623,40.25749232470608,88.9348538542175,2.320157926009087,High,Kinesthetic,0.0,7.394652701229756,Mid
93.68819223261087,38.15212151522262,93.95193220027733,4.044581171185073,Medium,Kinesthetic,7.189710697396414,6.118807063067611,Mid
81.51152093729362,32.72018460640368,91.35171801681969,4.432957812855766,Low,Kinesthetic,3.0669001365318875,9.081237212019518,Mid
62.95788421097572,50.97043255889654,95.49552715319335,3.132610329437771,Low,Visual,4.196925634148405,7.265837283500548,Mid
78.13840065378947,33.38099767177924,79.64764788439432,5.216295121582893,Medium,Auditory,6.241474889633302,8.670958443645784,Mid
63.04873460781307,55.40913651559678,98.17394065634326,1.2874663287997423,Low,Visual,2.647391590566748,6.396437225900495,Mid
63.01405369644615,48.99523781101726,86.975996046924,2.7095108110804227,Low,Auditory,5.926489974773088,6.468572324777083,Mid
73.62943407349051,45.22103906267181,100.0,1.9247665190957925,High,Kinesthetic,0.0,9.988502492512664,Mid
41.30079633013303,31.84872675916804,78.10812181910433,0.20019507439041018,High,Auditory,5.101973315142627,7.8726703768310164,Low
44.12623251230451,38.46457338863335,100.0,2.875978971235951,Medium,Visual,7.144484333039306,5.570970935188523,Mid
61.56568706138541,65.10782451651512,86.97910783462648,2.8173787374250745,Medium,Visual,2.8391663055639405,8.793948877240949,Mid
54.80753319498364,60.01834375248762,78.48581996385552,5.270174614863197,Low,Kinesthetic,6.237763240596798,5.933390533144259,Mid
74.71370998892911,30.448895104028978,80.16114165945679,3.946217526832166,High,Visual,7.667845304387567,7.451396275623046,Mid
56.37963886718184,51.986646108584516,81.7965269180568,1.4637197635061927,Medium,Kinesthetic,3.4903163238919617,10.0,Mid
48.81544447997062,65.02774246743579,89.24165946401916,5.781138849501282,Medium,Visual,3.324943428300278,4.137435224723891,Mid
91.98473153382331,16.61189437757257,90.228354880355,4.83155054328803,Medium,Visual,2.203412508335392,6.648436156466927,Mid
66.61335549270197,60.8672038475987,79.26299996061421,3.873146555202924,Medium,Kinesthetic,2.980539689629733,7.816543281804061,Mid
71.01292307031886,36.74752482108307,84.75645407739017,2.660273851725252,Medium,Auditory,2.3692802194547595,8.529396669329348,Mid
48.62877720679815,61.41197337186318,100.0,1.5608411449147803,Medium,Visual,2.2017778031455455,4.517532185278254,Mid
61.834259132122256,34.73481686914966,100.0,2.4416898358934205,Low,Auditory,6.397670593422713,3.928419462849964,Mid
71.66383884564799,13.902357986709617,89.36323669674032,4.633122929556279,High,Visual,2.4201479494234808,9.181498703980852,Mid
52.73509633866546,17.449151242336747,85.380034781682,5.826879458901914,High,Visual,4.517043829439246,5.559170286392325,Low
75.63547027518509,50.96169893322764,86.20031326718261,5.3148652924082835,Medium,Visual,4.076466870432475,5.4754349840053695,Mid
60.99041965121793,55.194450034429636,91.13517972730416,2.266725867320589,High,Visual,6.996189125142245,10.0,Mid
65.62459375310085,31.913667497911828,74.77207434801595,1.3205738500664832,High,Auditory,2.993687535889973,7.139404629463645,Mid
60.97440081655905,62.77184917554748,82.42623462576655,3.2113293703668058,High,Auditory,4.7622960933086445,7.152476455363148,Mid
97.78417276763406,16.7695987546208,68.3141592612241,0.34734095165572265,Medium,Visual,5.582139404552218,6.640401109696935,Mid
69.79754162893099,48.678404027053666,88.9922312260528,3.4847515712771724,Medium,Visual,6.979499214641162,4.55203586651366,Mid
54.13433606566149,25.77967600475087,91.4719593970274,2.778596120551997,High,Auditory,2.964493309909466,8.351393898788777,Mid
82.33817368154783,36.96327784395682,80.16813537700627,2.3009452471976366,High,Kinesthetic,2.7642150625352393,7.818901043851247,Mid
51.68734525043467,50.94797342632828,100.0,0.6079453990998069,Medium,Kinesthetic,1.8764378920798945,7.337382650678865,Mid
73.13295392507133,32.791732694320956,72.7423433699766,3.770400159854575,Low,Auditory,8.472599241696482,6.7673539214474845,Mid
40.60494814180336,42.308889115403495,70.3562511979018,2.200948740507133,High,Visual,6.768944876360775,6.415360701323426,Low
50.07720926652354,70.1258561842888,87.24451818559972,1.245124746434568,Low,Visual,3.9155972113759137,8.82496677909483,Mid
72.95291853803685,38.462162609537025,95.47098302612154,0.0,High,Kinesthetic,7.862878302254113,6.71741387358781,Mid
81.07699869993115,66.71384224130284,100.0,2.9587276424240456,Low,Kinesthetic,3.7962732112686854,6.871877922932222,High
72.57052421784955,27.405862906847638,80.4111573713106,5.658377395004616,Low,Auditory,5.448820942867059,8.059786309767548,Mid
68.2652757641764,60.59608355830566,95.78680833431295,5.491888821821805,Low,Kinesthetic,4.020343803445441,7.415921861360772,Mid
65.48344456616067,78.83137241315801,84.61491530499293,2.314355615120592,Medium,Auditory,4.795610903500942,10.0,Mid
47.82217014448859,0.5671099974542102,83.2737270005918,2.0966819094573292,Low,Kinesthetic,4.583522885067094,3.477266445053391,Low
59.20233687407937,34.062094890590465,93.83659937486672,3.7031613841125357,Low,Kinesthetic,3.150029253246701,7.599814876734526,Mid
63.09041843560319,61.5414425436108,91.52322878413419,1.5024218412175627,Low,Kinesthetic,6.184997076170706,5.588788439055662,Mid
85.85683339328374,45.93909227914015,69.2360784301575,3.452687849729199,High,Visual,5.431904835367802,5.115826930490141,Mid
75.15427434352692,57.422917467426174,99.76540349725896,4.149120417577036,Low,Visual,6.055389187002957,6.085871587911305,Mid
43.554397669558995,37.92029626568359,98.80091354147451,4.840399835826462,High,Visual,4.640454370998692,7.109358816963523,Mid
74.86125954092192,51.731795749458,78.7443729849047,2.8497688852800707,Low,Kinesthetic,2.1868602364457317,7.19813815184682,Mid
64.22376579375525,46.88645529215841,88.95803533437409,2.6944893747345513,Low,Auditory,7.418772133115405,3.965387568643014,Mid
59.84616999541062,73.35564123319614,89.94030186282738,1.6830261198651584,Medium,Auditory,3.4748875328651483,5.917832340644361,Mid
79.17514433261302,55.08841686602426,87.60673765823907,1.75967946894021,High,Auditory,4.728134057136829,7.562443102952918,Mid
85.46499283743927,56.75205324150404,79.4969484615458,2.66028166214771,Low,Auditory,5.270762717644538,5.246139098432691,Mid
83.96920178674299,41.76246067755065,78.28376632061949,3.5510482602242672,High,Visual,4.714843432435238,4.77043219056697,Mid
57.41173715166042,40.24787551855013,84.74445929008554,4.370376939349875,High,Visual,5.830834042460548,2.487735385014111,Low
65.36181436223178,41.34883624360758,96.72729019259364,1.7952315739794829,Medium,Kinesthetic,6.146755844632997,5.6736131032492825,Mid
74.96895147105346,57.88904284756594,90.43600154594432,5.239032853439283,Medium,Kinesthetic,3.550332993905504,4.700741602098372,Mid
84.63317690683539,41.58031038359474,81.29385667913894,2.5933145984361468,Medium,Auditory,7.250934683911295,5.0321342337798844,Mid
62.81238643232065,55.79549713792826,92.71698710648344,2.9679490584773456,Medium,Visual,3.4661928916774696,6.456359393440693,Mid
67.21511535004274,91.50801597290878,56.51457379369924,1.879182481278265,Medium,Auditory,4.673498097761577,5.800342246914204,Mid
53.40497538990958,67.42249406863385,96.48765700372104,0.0,Medium,Kinesthetic,3.224643632791537,4.667524212281387,Mid
52.05690063878994,43.47952935664318,67.60286221221901,4.326068094541575,Medium,Kinesthetic,2.6530529546984196,2.768316869533546,Low
82.18788733591298,74.02427844327889,81.37559058596868,4.10526584563865,Medium,Auditory,6.08838217758173,7.604622610295285,Mid
90.34360042856234,41.838492539568975,73.80330105373856,2.57800866432268,Low,Kinesthetic,10.243793794852088,8.505654427616946,Mid
68.91984817629499,9.237509296442923,72.05318524279095,3.100486075837308,High,Auditory,3.276480223359366,6.206510042011253,Low
85.05299346838036,29.838273781651917,96.6082678737852,3.7739088265561493,Medium,Visual,6.4306431493561576,6.468448607091446,Mid
75.42454037571451,12.584161579482888,80.32298798688109,0.6561812146701858,Medium,Auditory,3.3481773745996115,7.005621031372247,Mid
60.323203680923136,42.96973031917383,88.46503881730716,2.206420983980558,High,Visual,3.979030046287991,10.0,Mid
75.4209340826262,50.368367583791034,84.53079421120816,4.19139701943274,Low,Visual,7.515167544463344,3.864584412348458,Mid
93.07054849698955,83.52874624550566,89.77040827223121,1.118565865246126,High,Kinesthetic,1.8529294298493881,6.171020548254861,High
69.46260941335073,56.53854747528325,85.76821891060256,3.440336898249944,High,Kinesthetic,1.3236818627537543,3.556054071734561,Mid
93.4696548372101,45.61798942382271,72.1700777581143,0.9651272930648922,Medium,Kinesthetic,3.8256027024737014,7.724636917471118,Mid
30.703823438653835,66.58811162366979,94.9626681944714,3.6996449736502894,High,Auditory,5.327312055875349,6.712083212423978,Mid
82.32853756562835,5.777293819842299,80.06243416838687,2.946537776553775,High,Auditory,4.927333143361763,7.405984225872155,Mid
71.30570602357257,54.71229116217132,69.4341810134025,0.5773022761417357,Medium,Kinesthetic,4.721358351385992,7.306245125182153,Mid
65.51488974301199,65.41730387773933,80.71884839034088,4.747109031685757,Medium,Auditory,4.068263963023155,8.981416507407031,Mid
71.37641164803253,20.428275084403168,100.0,1.8981126348029262,Medium,Kinesthetic,5.573080053967839,8.076265929136932,Mid
40.18646628098661,72.87508086413858,93.50221742113493,1.7846213444784285,Medium,Auditory,0.0,8.661015915320174,Mid
66.70492168243732,56.76992814988828,81.5134786559214,3.300853795846414,High,Visual,2.4983893898245184,4.868930620206112,Mid
75.35668857267619,41.69424172198397,81.50742295681572,4.722956024143073,High,Visual,3.8127751814331043,9.386341729950288,Mid
92.16841067112274,62.6556373221257,81.78364948782617,1.4762672715324046,Low,Kinesthetic,5.4090695982050185,5.555274521022001,Mid
62.22594672589529,95.41385715608791,100.0,3.0925197747719575,Low,Auditory,6.979530280137133,5.670260914752038,Mid
57.87259595660218,53.63732510116991,88.81935452231554,3.6432247504958593,High,Auditory,2.2298005836657193,7.5416851547059895,Mid
62.47364434623195,54.96441172600672,89.3004164719107,4.039658410894717,Low,Visual,6.914157251073135,7.6038365260985525,Mid
83.73103176553111,40.81278200919512,95.30283454031843,3.264662332915838,High,Visual,3.094876661597274,4.856286395535043,Mid
74.93126664489526,33.003112610704164,87.38789159026514,2.4494582413750168,Low,Kinesthetic,3.7401804340386273,6.653441416452206,Mid
62.05359694349442,66.60671633088491,82.40957854179297,1.7586146690269204,Medium,Visual,5.1628650375952265,9.976470633738952,Mid
77.69901149670034,32.878323481822655,83.03650150915021,3.1292158245695623,Low,Kinesthetic,3.593527841386454,4.06332687693181,Mid
71.4561632402206,51.43132474438785,84.28398740585936,1.3917914820215898,Medium,Visual,6.220235213332636,9.970438482025452,Mid
84.52967485799334,40.44685106469767,84.62777763490159,0.0,Medium,Visual,3.1907917097737126,6.51660309716702,Mid
59.469203591839715,59.579596514927836,92.2762954363698,3.6548397062365017,Medium,Auditory,3.2209300174393323,2.3244903331296936,Mid
65.08506780103347,56.673242105738964,85.519458858073,4.355902261629293,Medium,Visual,6.103959908418664,4.266536533034188,Mid
64.11837770301764,70.75079888515799,92.3264007721558,0.0,Low,Visual,2.4737512234646837,5.073044924529613,Mid
48.04727577801822,39.79967202290506,84.19283419891417,1.4854039429350938,High,Kinesthetic,4.49785819063332,5.7521413984345156,Low
74.44180415596864,44.60250129413257,85.7863519031609,3.928731391507797,Medium,Visual,0.679034664612352,6.790573482749324,Mid
73.91582908269834,30.424725684353852,65.01799315467892,6.086243204567548,Low,Kinesthetic,7.639278704122381,1.593039740476856,Low
70.07670184963692,41.114134798477764,94.16327674702481,3.031190561513112,Medium,Visual,6.41310387247355,7.373608784955307,Mid
66.4811929993728,57.546009860897044,88.46488475897992,1.9079955881562984,Low,Visual,9.50021439916151,4.8898189833502315,Mid
48.769438869243785,65.13977233290704,94.98010109859652,2.7256553383427398,Low,Kinesthetic,6.676727462892771,9.781045143202117,Mid
63.69032015851961,31.556693516447492,56.03744621806311,5.062314628722277,Low,Auditory,1.7406995407990369,6.459646558512051,Low
64.85928225209845,67.3921184021132,100.0,2.031053731313197,High,Kinesthetic,5.337299720321184,8.88569234346546,Mid
57.96584096167572,77.11275717609902,83.60410371844826,1.8012119900246195,Low,Kinesthetic,2.163982475556391,9.220697959828586,Mid
67.58071432500986,58.268698064474016,96.08182816737516,2.275884716726951,Low,Kinesthetic,7.156075014106197,9.166546486932432,Mid
76.06076285221808,87.53591625116132,74.60094072874469,1.5700070876119314,High,Auditory,1.7977194240448555,5.867186514075029,Mid
98.29278851815795,34.52421601792854,91.12773905062569,3.1840054739921935,High,Visual,1.7016902315204048,5.841599684557353,Mid
72.61866719247759,25.10690593377166,74.46584436826343,5.437017687704341,Low,Kinesthetic,0.7803770926066265,6.55005340142337,Mid
73.86325586084146,14.425595021914425,78.76231039304194,3.484618909674044,High,Kinesthetic,3.023240357473997,8.272474750757851,Mid
68.8833112635075,79.92088622978366,100.0,2.6214697468105688,Medium,Auditory,2.6210443504328573,5.978609460491675,Mid
41.21843177051438,63.08731312708115,83.09317599236654,2.562283096626684,Medium,Kinesthetic,1.4767017883214693,6.761475052819504,Mid
69.60229186826174,48.8883065817909,87.17432873179723,0.6552137869550143,High,Visual,7.979618208487048,7.5471876326789,Mid
70.90345314911539,55.59937252639641,93.70067730688754,4.324664665720738,High,Auditory,5.059761392773289,5.190216147904267,Mid
100.0,27.49021905403247,89.95681887972604,2.883244204480797,Low,Visual,4.824469079713423,5.063783423341764,Mid
67.11458552828316,98.91503959233653,86.50418905143576,2.7292801296140614,High,Visual,7.178328838495853,6.683472237192019,Mid
74.52321013500419,52.58442363950455,88.64961002466225,7.0,Low,Auditory,4.512515584085869,6.948357629903283,Mid
69.47932345442135,52.187895892097856,100.0,3.448129362548529,Medium,Kinesthetic,2.502639596989721,7.867770960003286,Mid
52.46982943570702,64.51533247797384,84.42381202966415,1.8723134248572235,High,Visual,0.5995805149646865,8.343773149903111,Mid
87.14234221772531,59.620184634734265,87.01099046714967,2.360463605691685,Low,Visual,2.3898852153131926,4.801874358856702,Mid
81.27899549030161,54.477680485582624,95.50654396007612,4.722668563795132,Low,Visual,7.010831201016925,5.375830136112871,Mid
81.8654792056457,34.190510891093766,96.05525932957984,3.1699056158066465,Medium,Visual,1.48932776862768,5.058495424873796,Mid
56.35918817807892,59.42936714271991,96.8703030556038,0.8425830325239501,High,Auditory,4.706254475995753,9.824894803182843,Mid
91.04191466404149,87.64048992950067,91.38730222029184,4.378843401862805,Medium,Auditory,6.067850286171115,6.759458819594929,High
48.97223405811579,76.90840092309955,73.56995087269516,1.997783871691509,Low,Visual,4.570689680886503,7.032258590490042,Mid
78.80285640700406,81.86373253278794,100.0,5.8099466643263185,Low,Kinesthetic,4.797966657581167,7.115548728027026,High
100.0,39.7756864713763,73.53654606981311,4.620072098571972,High,Visual,5.311207825746853,5.5686599725647214,Mid
55.14195512303968,30.207903594828384,88.02635465239034,2.329017156511873,Low,Kinesthetic,4.7585617436452985,10.0,Mid
61.50553405595842,47.48426159800704,77.45724149980641,4.921524542602669,High,Visual,7.218148344946564,7.822053309637456,Mid
71.49477047631461,51.114498245773895,84.35861653407008,3.101783265791105,Medium,Kinesthetic,1.919416543544779,7.079181059555898,Mid
62.44786518825701,71.88383036941897,88.2876241030348,4.27916051268333,High,Visual,4.480849753677572,4.7894871576988685,Mid
46.74004853400801,16.150707405703614,88.21357215450273,3.7270992259417124,High,Kinesthetic,0.36351913200570474,4.67613501668751,Low
71.0284446220904,80.59100638921228,89.21920754235285,1.7304650175136898,Low,Visual,0.0,6.382184936788463,Mid
54.06544429410843,46.839842028420215,100.0,2.034675251523807,Low,Visual,3.8366579382960326,5.60001641285634,Mid
77.10388645952773,41.4623786010516,89.5353430151398,4.544941226371742,High,Kinesthetic,5.086759137889514,4.865111308906896,Mid
56.20863648649295,29.75791249479665,82.55843364709351,2.497837001840189,Low,Auditory,7.26133555447513,6.258083960856889,Low
93.24901607526309,16.902866562684615,94.64087168288357,2.394527305137005,Low,Kinesthetic,8.839583466020926,6.5671439434482215,Mid
58.251200614956446,66.46341167923829,96.89470488924641,1.5673161309759704,Low,Auditory,6.6397213413309615,7.2835708409205395,Mid
65.16907725691486,51.466359343768076,72.72392184863007,3.6353985983901915,High,Visual,5.454331488796057,5.992161057251474,Mid
82.20275826054504,24.200782005178922,90.97400069849859,6.093787378864717,Low,Kinesthetic,4.319929711547631,4.984798610679938,Mid
51.53703525349067,24.09842455872768,92.01172742310898,1.3987006286185908,High,Kinesthetic,0.9375438736332451,5.054158228017506,Low
73.41189901906193,43.28430601419743,82.02436496640009,3.036329185009137,Low,Kinesthetic,3.7079267885164033,9.425945458452375,Mid
89.60714131423643,83.38043050578786,98.75706813311619,5.118330833123144,Medium,Auditory,6.580753502516451,4.496484627276516,High
45.88775148158159,44.8081729727279,83.49944412967473,2.8805379131314273,Low,Auditory,5.796563712056081,7.72636459658254,Mid
72.76950787798457,19.937140937637878,86.25576453471542,3.678557694374601,Low,Visual,1.4273317066341034,8.039092659548793,Mid
73.89824191372635,45.085138718281115,83.26928175716131,1.4064097077796804,High,Auditory,5.228051294516961,6.757449048328662,Mid
81.72734307665965,44.54552860504659,85.15579047581467,3.642460645811473,High,Auditory,5.056785623735441,10.0,Mid
51.44573933682877,0.0,74.03724913104799,2.719283602493177,Low,Visual,4.699780240229475,8.003437986055399,Low
50.193150803735854,48.91410266964375,70.59949117405705,4.478594993519795,Medium,Kinesthetic,3.944288889245331,10.0,Mid
77.82912348425347,45.38130939582644,100.0,4.781079077347127,Low,Kinesthetic,5.331167933888387,5.697871996170255,Mid
74.45477009849779,63.92412729626837,76.53038651681672,6.884345463027921,Low,Visual,5.394626077824797,5.732109180213163,Mid
73.75739275518815,86.9791218989069,75.08607650543692,3.8694497598203634,Medium,Kinesthetic,2.717082469137189,8.05507431736003,Mid
75.19672314245463,72.53130059095514,63.466098863962856,3.48869447487325,High,Auditory,4.910028122764191,6.477068725361594,Mid
59.79962917632264,44.62222618890339,78.61038252310497,3.2915764523660043,Low,Visual,3.6212097185055723,10.0,Mid
73.48380545741506,27.869481825166595,71.76910206592501,2.4702505607839678,High,Visual,1.0255322645075138,7.683400767261874,Mid
74.39608709948021,100.0,100.0,3.5077257651925366,High,Visual,2.876785929923672,4.910851560286568,High
59.28472872960448,51.184368680289765,95.09817089342634,2.556897884791456,Medium,Kinesthetic,0.8726206293091496,3.5263671829119487,Mid
97.98661766717134,50.27858583825893,78.11849654822277,3.2526914644044216,Medium,Visual,5.9601870701402095,6.843522815313471,Mid
77.10749381367681,49.517498257799936,100.0,4.976396303411939,High,Visual,4.7117787551086385,6.8217537409335325,Mid
52.13044754196027,53.961695215357096,94.81765486991594,1.4901861520805384,Low,Visual,3.28901877758811,7.627531846616775,Mid
79.84830412950744,47.11279176152115,81.75168616491378,4.709817841693568,High,Kinesthetic,6.841042686577296,9.421381147511806,Mid
55.379774946590175,38.526759862395274,60.005942851264265,4.975672601009798,Low,Auditory,4.135981815162333,9.158226607987855,Low
81.80626905613678,39.062821175192155,100.0,2.822897209513382,Low,Visual,1.1375544880662511,5.8421979353271345,Mid
87.37893368511106,49.34493459568003,71.10427533236404,0.0,Medium,Auditory,3.121042919632378,4.412361196391157,Mid
57.68976522472434,39.131504577324705,68.54601253043108,2.0882670193583515,Low,Kinesthetic,7.265708374546584,4.531757729981859,Low
84.45064193866483,35.74308434645671,95.2257043200964,4.9454918198416635,Low,Kinesthetic,2.6610487498217132,5.526396589357243,Mid
76.19171390404748,52.12860455383794,100.0,2.965697906551677,High,Kinesthetic,4.5504425775156605,6.266536903921962,Mid
82.33090239991735,44.900455651582895,98.84272818510519,1.5010466515576337,Medium,Kinesthetic,5.487753249029277,7.610124277930334,Mid
98.4518947398092,80.07985977165377,90.6390912005236,2.242837618157674,Low,Auditory,5.179896969109885,5.3980648062080405,High
66.31917825995694,0.0,90.94754341665286,4.260930039756829,Low,Visual,8.898919597916201,7.560783942226629,Mid
58.693957534637654,71.83013703844924,93.53415558780307,3.820100352302069,Medium,Kinesthetic,1.6473934861534625,7.724080291718104,Mid
56.65728355561715,74.92170384995258,92.58928589786765,2.6416018512454587,High,Kinesthetic,1.847073838934394,7.286687765191779,Mid
57.762845725518424,8.53219535183701,87.81191423969376,2.4497633822779687,Medium,Auditory,1.680491105795734,4.74275400597461,Low
68.84347435878844,43.146248118393025,86.04201103951875,2.412362776434267,Medium,Auditory,3.4081631579662304,7.935653450471916,Mid
75.11727962224965,42.57118268008417,84.37406872100478,1.6163847232522461,Low,Kinesthetic,6.198754776364902,10.0,Mid
74.15036198995028,21.849766105643575,77.46035411133323,5.423063534204163,Low,Visual,1.9365308404069776,7.491793653825809,Mid
82.40774873554035,34.443666248182495,82.19324923133226,2.5165192961829903,High,Visual,6.226721011887877,1.0938497986974607,Mid
70.1950283781686,27.788483090683425,68.07043185804615,4.825737781238245,Low,Kinesthetic,4.070253339855474,9.481759144093806,Mid
91.80301115735975,85.04540886847246,84.0166037320525,5.281974077883677,Low,Auditory,1.7820066135781527,5.594504446601227,High
66.03014750143066,68.71356786294922,75.11408892849083,4.49746634722194,Medium,Kinesthetic,0.49726008686428713,10.0,Mid
100.0,75.43110189988317,73.96410682784229,2.3525695309229273,Low,Kinesthetic,0.9448590123813476,7.232726902731921,High
79.3850102164751,64.4334412808647,86.79894151153478,3.605595135504914,High,Auditory,2.6682931835321515,3.630598612028349,Mid
57.14263665375576,27.418964575655416,98.920022863446,2.9637065904136257,Medium,Kinesthetic,3.6616976485133588,2.870605020082495,Mid
53.93661252908332,39.509594674404525,94.18316606002313,1.6444472089048077,High,Kinesthetic,6.692125953460902,10.0,Mid
77.23708622864778,59.78749122455836,69.29499396376823,3.4865389225824046,Medium,Kinesthetic,5.5981764243764776,9.211809971834544,Mid
66.64805822011223,25.55744382216109,75.10371863429663,1.2314403132602962,Low,Auditory,2.3221174958393958,10.0,Mid
80.71000741138138,64.25996860344776,94.40771187988216,4.781519082692346,Medium,Visual,4.817330566744337,7.021848971147111,High
77.09856436860318,45.1934920368373,75.1751260646169,2.30307405405241,Medium,Visual,7.3030925383844805,6.886940233240639,Mid
68.9075663101469,42.50358384900805,82.75366850002976,3.301739483809259,Low,Auditory,7.747834842060071,6.234562415682885,Mid
57.29809422897392,64.21919936406982,90.50052099024552,3.424931807319213,Low,Visual,3.371187976892807,5.683419517481559,Mid
47.27729162971203,58.8852662297208,75.31655545136366,2.611642539443884,High,Kinesthetic,5.916576859410004,6.215140891084369,Low
63.302275718994686,42.7806766836184,86.0537550614596,3.880040702212912,High,Visual,6.7799107337756475,7.434926664648059,Mid
82.84598191485209,73.18659606728497,71.65974505081796,2.2876445150662135,Low,Kinesthetic,0.9858561536432258,5.312198426175796,Mid
73.21140616195306,28.378733448002052,78.98632356048786,4.306945946185866,Low,Visual,2.9751858256806063,3.661421306252033,Mid
51.31391831932018,62.318712138885274,88.19781934142537,0.9810304796298772,Low,Auditory,8.440037468846526,7.3197532680283555,Mid
72.59771388776772,61.862025159367676,69.0700626646833,3.1895693693196177,Medium,Visual,3.3979277797581924,5.267608802613136,Mid
75.77976069593255,43.809071213720195,89.40474737960399,5.908393498587428,Medium,Visual,0.0,0.521124550119862,Mid
56.74213845698301,56.52266044484236,84.80362201073319,1.4995030130916378,Medium,Visual,3.7580763792265555,8.105134781314021,Mid
72.30587658918292,24.97772847229394,90.52489954417148,1.9833825442127226,Low,Auditory,6.249250998231724,4.783881923765943,Mid
70.87313077669,68.48054038413802,87.23914134064661,3.7708617744883726,High,Visual,4.013020873601792,8.32357890938147,Mid
52.85544553254066,46.30195727114022,98.64140429973844,3.269372672909397,Low,Auditory,5.430727893601268,8.275696213031964,Mid
75.36681040522424,39.54553958961921,86.25224502647907,3.525945148910339,Medium,Kinesthetic,5.8764439953114636,7.567180023045665,Mid
78.41176789552351,70.98018451673778,80.70594458874747,3.7337806952214954,Medium,Visual,3.290125097135436,10.0,Mid
86.24576864762915,35.91312618914482,86.22297503032284,3.952082202842655,Low,Auditory,2.961214027171248,6.723896300055245,Mid
85.80703078052355,21.830774072728808,90.43298029036387,4.664549762934335,Low,Auditory,4.306881951908544,6.428720865002823,Mid
49.33495948064363,18.867416529521925,85.48860070325705,3.614727985392769,Medium,Visual,4.355557845859762,8.367344842833834,Low
55.93262440127316,62.12019902691279,85.40591691203882,2.638113518072186,Medium,Kinesthetic,4.108153639693943,6.8891052757724145,Mid
77.7255290081299,24.39141295007434,77.98008312193245,4.008860551804097,Medium,Auditory,4.190313045364928,9.320987074788018,Mid
77.70678926368313,85.09588363968729,78.37099082449052,5.849822902342823,Low,Visual,2.5029077307585244,4.4623881848489555,Mid
77.72571529459071,8.361411842325559,70.97394728200307,2.80104938042614,Medium,Kinesthetic,5.500573820161896,4.49565110507132,Low
100.0,83.92912736580077,100.0,1.5382060429940378,Medium,Auditory,5.198463894225933,8.531618982652436,High
78.5633576603975,54.220349344052366,72.56136764608715,4.660621003930459,High,Auditory,1.3279832667290838,4.670378121322793,Mid
87.03348460270898,48.06573776259215,78.07094802204092,2.8194282540696025,Low,Kinesthetic,3.221675365828066,8.218197212885428,Mid
84.31002645239803,39.10161826382101,77.81592734430802,0.0,High,Kinesthetic,4.186159745078893,7.740005692420731,Mid
79.77086876958697,57.98272228704142,93.94924376944441,4.271132515725633,High,Visual,2.931373995447651,5.611023427944674,Mid
65.27096133039481,49.24730595150303,82.05050321707972,2.1970077210691157,Medium,Visual,5.2747439551755875,7.734340320466868,Mid
81.38453830739901,72.06603764033042,97.47742072673734,2.8642000765437587,Low,Auditory,3.8662349230857247,4.530815108431521,High
58.40762178193643,52.28455297324079,78.26509375756132,3.497970495853522,Medium,Kinesthetic,4.338145058910373,5.000200147472599,Mid
66.44772089889986,53.006035229237554,87.78994162223802,3.2857495196685997,Low,Kinesthetic,3.1985813850338536,6.5256245231758685,Mid
62.71954678256345,42.72775575572288,76.64652946740243,4.064177725708559,High,Kinesthetic,0.013562353178770525,7.157855638144442,Mid
71.22811209079484,48.861087525578654,100.0,2.346770444145235,Low,Auditory,0.0,6.392722926024285,Mid
100.0,56.156035377841185,73.12401580970487,3.769658697264124,Medium,Kinesthetic,5.179219093384055,7.866231927746222,High
41.99102211112378,15.796632146867488,88.09820710227028,2.610679983624124,Medium,Kinesthetic,4.533824152978788,7.776932830096582,Low
80.2939028556177,23.03629155788574,91.33776880932099,4.108215721331255,Medium,Auditory,4.877324412702169,10.0,Mid
45.80926193215522,64.8652818804543,89.13799097451498,3.92305122601958,Low,Visual,4.268945684125827,6.809429305709991,Mid
62.9210220131585,53.41730876255884,83.14712341122292,1.596841946933107,High,Visual,4.429134806747029,9.389126862368258,Mid
86.33425895451049,46.320333272946414,83.70179300266574,4.628973174262549,High,Auditory,5.938046747237577,8.841451025787787,Mid
70.96420028643195,50.36867866130786,85.4381147197911,2.1960548323289277,Low,Kinesthetic,4.8892387448028245,10.0,Mid
53.83382833106041,56.95163410723342,83.52997998371511,4.212086697421718,Medium,Auditory,6.081818700612226,6.745483960195451,Mid
59.27044436110047,39.204806393812774,94.6387911679491,3.550930970102011,High,Visual,4.342923682453194,6.1592825570940235,Mid
80.19396623402014,34.433905491953745,100.0,5.757275515192684,Medium,Visual,3.399236518960458,9.515388444487467,Mid
59.04450052424295,53.91690510195363,79.42508214992166,2.664801026442222,Low,Auditory,4.388405724312491,7.770865143482524,Mid
73.24687884372962,30.43254444769936,71.30197020420923,2.476024805822704,Medium,Auditory,2.3276442370254067,9.5633184335678,Mid
70.6835775985572,58.16505511428944,84.11717951648745,2.970870591168401,High,Visual,3.2403061421761823,8.433597595979,Mid
60.22599478591275,15.94832791524319,100.0,2.545230325748587,High,Auditory,4.355142617280074,2.7864758172010085,Mid
100.0,70.58311274651288,76.9632543203027,4.199912852913075,Medium,Visual,4.3286366638020235,7.752643554062366,High
79.50878533477017,59.451949648260864,100.0,0.575534087345118,Low,Auditory,3.7871622399940232,7.622431795902979,High
39.622861200135894,55.120594686277514,100.0,1.419476371280469,Medium,Auditory,1.2236305796515867,7.266213804927926,Mid
72.79681472154141,69.65381967891028,79.46411758292005,1.3982956176312102,Low,Auditory,5.272819092841429,6.735513891753234,Mid
60.07320302847418,83.30948888925153,90.68983079185276,4.425461387960364,Medium,Visual,5.668456813199098,3.8157129444113442,Mid
82.78650002194335,70.2874013003626,100.0,5.565920058872888,High,Auditory,7.287380990504477,8.748353834476646,High
58.11218892350949,13.182515373367096,81.20872259012513,2.843326172193793,Low,Visual,4.883551993177463,7.747536856186989,Low
68.27895337799652,24.40846066528597,82.96419639897638,2.746767415214984,Low,Visual,4.002923668382966,9.20391339479485,Mid
77.57480918470685,37.503628446086424,79.18319086051356,3.1050782446697722,Low,Auditory,1.9739409807797004,3.922488951449494,Mid
82.98632791255181,50.521821004216676,74.85243269307134,4.742817453912286,High,Auditory,6.9840357387221115,8.014268979090536,Mid
51.99555389416336,60.35318040938246,78.50722454933992,1.608970298714139,Medium,Visual,4.495665953748047,6.530681324906874,Mid
64.98248146238578,35.48512373693069,72.76059733237743,3.3575534741021777,High,Visual,4.386746347650913,7.287576019851059,Mid
62.87582033258566,53.73533528954157,85.34083468259226,4.462796444673645,Low,Kinesthetic,3.491887603642296,6.553680731638218,Mid
60.200061511394324,34.89234135293355,77.30026768941359,3.7516412549097677,Medium,Visual,3.364060867130276,8.08721585496026,Mid
96.48181360421646,37.76964394016103,87.33785911790747,3.284372424898115,High,Kinesthetic,5.376533468101694,6.674253758016841,Mid
76.07472566441433,21.866778063035554,69.44104353796372,4.501569138850712,Low,Kinesthetic,1.9571187546828162,4.896170149888622,Mid
51.08674068497432,31.535335077781916,88.30880232214457,0.0,Low,Kinesthetic,7.250863718317561,7.1728508375723825,Mid
83.76792920582164,22.966307887673327,93.33528961608924,4.016812979296361,High,Auditory,6.815052915076744,6.571650925728999,Mid
100.0,30.482534940453345,65.06264357428545,2.0188864753088644,High,Auditory,3.2918769062658213,6.833212757742233,Mid
85.4869789082672,71.07283593215679,88.74056569847572,0.25405065471531474,High,Visual,2.2722708682539148,0.6243770479197135,Mid
47.2094505106898,31.01202222336114,97.27668992473292,3.766803899287471,Low,Kinesthetic,0.0,8.36527216713741,Mid
62.73648890700623,100.0,72.90358981308795,5.060487817744437,High,Auditory,1.4971722550315465,6.370672765306439,Mid
89.00366723779933,59.866358017617785,100.0,2.793827228058462,Low,Auditory,5.459822985765749,4.3036928519634685,High
59.38495801571829,53.69672247389748,89.19019009366045,4.429311820804408,High,Auditory,4.630683717801308,8.845127033696285,Mid
76.65729142219342,32.832844396375734,77.94988144241591,5.418417386982968,Low,Auditory,4.987307130612176,8.27273145550586,Mid
81.61951080144006,64.00619758817983,84.44230922342294,4.972371680376071,Low,Auditory,0.30884072935167683,6.345359607450288,Mid
56.09604292632876,38.487243475244526,90.58326912521723,5.459946794057089,Medium,Kinesthetic,3.2083687597946717,4.6956612409599625,Mid
69.10711965907299,52.44019629290723,85.76005391412411,4.113191236607838,High,Kinesthetic,6.734545612564165,7.356061469358744,Mid
21.38098989896391,100.0,90.38755992446369,3.113150458352389,High,Kinesthetic,3.8079451893612934,7.246212169175219,Mid
54.63418537998565,48.078802005507,75.79326406920634,0.5970512821542471,Low,Kinesthetic,1.4554105307520295,8.848668565983564,Mid
66.2114777291026,72.98546652571352,86.69360824036077,2.630906267805077,Low,Visual,3.7767953383141974,6.112528970279019,Mid
51.28325227052726,35.93647149748225,70.8628550309502,1.7351301070257124,Low,Kinesthetic,2.4579651632695008,9.389844269729991,Low
94.48616955897452,49.300230190060766,83.88773938651299,6.25641407624672,Medium,Auditory,4.667358119890794,5.919493993328466,Mid
48.54787933059051,85.4160127127102,75.9609235853521,2.736171281351495,Medium,Kinesthetic,4.0410907577754305,4.308336430915157,Mid
63.39933269954524,37.46065884424465,77.64470057410233,3.1848072101767286,Low,Visual,5.086593328164581,4.735434489045438,Mid
71.96110865929137,86.24897115993858,97.36093175210438,3.8272280640607015,High,Auditory,1.5641527464697749,6.875176921728769,High
91.61909933599173,64.1550387091095,95.9131012059427,3.0654036695586804,High,Kinesthetic,3.1025668626698026,6.868970981882535,High
48.46206773230841,38.750664482114644,91.09138120907177,5.542576560646129,Medium,Kinesthetic,6.180868682798218,7.655722281501552,Mid
87.4474562823244,62.64815478111042,74.07687235327421,2.066025957398322,Medium,Kinesthetic,1.2914398911290368,6.819251937763117,Mid
70.1534959152938,69.4510889925346,81.83591550305198,3.291911182855864,Low,Auditory,1.993775967920043,8.954637032128659,Mid
55.27737023428074,62.436199244343925,97.13097699979184,1.8862941214529276,High,Auditory,4.398594619984128,6.4778118030748475,Mid
76.93155211394907,18.595505602190872,86.41716913639905,1.0199662331689412,Low,Visual,4.573459678167582,3.007447470257168,Mid
72.98589543360205,35.45725648350263,100.0,2.082346363642072,Medium,Auditory,3.0223003145144607,6.757806623068412,Mid
60.99674684261808,45.0496272889699,88.93317839394372,2.944444804427382,High,Auditory,3.4431342347223,2.9864426244670375,Mid
71.04703127485028,48.511331417999074,86.92049116490031,2.35604666322411,High,Kinesthetic,5.066451123111284,7.542781961995395,Mid
64.2202960470736,62.41344195101356,81.908835357975,1.961368530189216,Medium,Auditory,5.699270003519735,9.114385997969832,Mid
71.70276017876873,53.55402001866508,86.33540904782282,0.8905238044922492,Low,Kinesthetic,1.8615566694204815,5.027551027434962,Mid
79.9319601178157,23.293112825797976,83.47530163619456,2.875341641056958,Low,Kinesthetic,4.7286390412559,9.837113372783701,Mid
93.79025224218029,57.60395702011927,92.0810867668859,0.7429194389534968,High,Auditory,7.024032000011444,8.685662489456861,High
51.43276751759726,62.21171490567646,94.56702316794585,4.140083945534403,Medium,Visual,3.7682158772777345,9.412960310830108,Mid
100.0,61.195808958620795,77.14010539492051,3.123659629401755,High,Visual,1.840321692422962,7.379127712869262,High
40.71868300716247,71.61561451109243,71.68767046442221,0.813672750802604,Medium,Auditory,1.7478161823455673,5.014469648496359,Low
67.72322357446625,66.67844309097808,66.63794626896703,2.536186384425205,Low,Visual,3.6785251173762723,8.561630855628275,Mid
78.82475809726864,59.183601584568734,90.07991326912544,1.8717653916141253,Medium,Kinesthetic,6.071694609735237,5.75079818646332,Mid
74.2148780160255,48.59668577082706,73.96633393826127,3.4787617656287706,Low,Kinesthetic,3.9184883003067577,7.235769012206711,Mid
60.659507202691096,16.780781329680174,63.471094070475175,5.0106756690347165,Medium,Auditory,4.378463959811856,6.6572980143927625,Low
66.87816624464087,58.592364382651716,88.88578604530964,0.18724129553138313,High,Visual,2.0073166356523924,9.249391713593791,Mid
62.604985980117505,54.15375374326222,100.0,3.172539118721126,Low,Visual,5.966235265953095,8.460654011846659,Mid
61.15952864583683,55.43157674390747,84.93929088460106,2.7598008066500395,High,Kinesthetic,1.7086828576692903,6.838868403375258,Mid
82.74403145531537,24.465028483593812,93.38490774451643,4.0070101146756985,High,Auditory,2.991007031456734,3.0967856129196942,Mid
75.35523228947571,28.378869191834752,85.81829358547564,3.3197949423565336,Low,Visual,5.259829724092588,5.729545066941598,Mid
59.60635607109019,71.06305706665808,84.01110346808858,1.8720460023917713,Low,Auditory,0.0,8.408444578968833,Mid
83.49399813149876,49.2088969228669,94.19076482987768,2.5214190965000727,High,Visual,4.347922299371416,7.560220522093169,Mid
74.60949281314915,63.63001394745249,82.09725455811349,1.8059612147947663,High,Kinesthetic,1.9218528672164377,3.993556131174277,Mid
82.1929317825844,50.56636752260923,87.67392314071903,4.614010707897897,High,Kinesthetic,4.0330987978182264,3.3868240550622217,Mid
79.44443262885419,50.5951227899149,88.21697806196013,3.031967473007913,High,Auditory,3.295888784576127,7.391018300314913,Mid
57.56507483616892,68.76567611951995,78.31909546356951,5.851786028629511,Low,Kinesthetic,8.211669650696976,4.885885664568448,Mid
61.597284397045456,39.679105435652524,94.92042349536523,2.909008779278069,Low,Visual,3.2137576216001875,5.078407078324846,Mid
81.20940407684893,51.92241553881967,83.25040243304592,1.9373898496343058,High,Kinesthetic,7.685302745766685,8.345215457565308,Mid
79.15555398150197,40.75449422589915,77.44254840507155,0.7294284110807592,Medium,Auditory,5.17390458236675,9.404477560831348,Mid
69.68647609053778,41.31007545135369,90.36509843570404,0.2952904856160825,Medium,Auditory,2.3970820585405432,5.498595945927403,Mid
71.75991074963173,43.816557530627215,76.01532018208962,0.6237960854917652,Low,Auditory,4.661621850519514,6.910479384775653,Mid
89.16497343682637,54.44267543267426,85.28181157369129,3.400689976517225,High,Visual,3.3911805073243766,6.851506668031279,Mid
61.12642916746255,40.42502756673045,84.90881003355797,3.763087534844901,High,Visual,4.484314981482468,6.671591790606967,Mid
78.20646071755057,75.11512251147042,95.85895565831578,0.6282139469517998,Low,Visual,2.5722180251334668,7.081196952312597,High
66.9671102134916,32.107853955609926,89.74698232879953,4.342557471114173,Medium,Visual,7.3803552666919146,8.512997855680313,Mid
66.7347819515917,46.26256711677282,84.74973041254856,2.2754084224748405,Medium,Visual,5.850796181593449,5.652151306540809,Mid
86.48165277980786,41.2053788345165,93.17766299200287,3.220189517978324,Medium,Kinesthetic,4.0635631363231814,3.949444930967867,Mid
82.38124523482045,78.93955768707465,98.90207549017313,5.418330942383136,Low,Visual,7.4582295361390685,10.0,High
82.20264454000957,53.931095530231495,90.57810306351863,4.345258973798298,Medium,Visual,4.148558488165698,9.178843848980101,High
89.58218210731494,70.6368907893727,85.10352619843381,2.5972040281412516,Low,Kinesthetic,6.195249929722329,4.792724257501204,High
70.31505762449139,20.288792539260562,71.8816376764984,1.663211661877069,Low,Visual,4.076601175044849,7.271264017551907,Mid
80.22929456942445,55.341005317385175,74.34886336924627,0.0,High,Auditory,4.787775189621157,9.02140432917222,Mid
65.34599865109816,67.79261591246873,81.94775295645333,1.9212700211363698,Medium,Visual,3.837122438114441,8.498087889052078,Mid
74.86249528732664,51.645679785508484,78.90487797840717,2.6833046417584585,Low,Visual,4.190602707747874,7.924026619858569,Mid
68.04785418448473,71.30960750130703,83.13028697014553,1.519230709273224,Medium,Auditory,4.341063720775998,6.659546216816512,Mid
71.45493947489078,39.654230997992556,85.56649924897107,2.803114549361543,Medium,Auditory,2.6605363350232127,10.0,Mid
78.92735538155371,78.1869488037116,90.2969275435673,3.1152778244381523,High,Auditory,3.1978626661538243,7.44171774491892,High
57.726689751497915,95.977962472385,84.29501221940909,2.6627160272878823,Medium,Auditory,3.5664899670276564,5.970081481358619,Mid
100.0,42.74322879120682,89.86501643826202,2.02499612876481,High,Visual,4.459422033604593,8.742151457691191,High
54.90973927750447,41.08994957198456,85.6447441481012,3.2529820079500915,Low,Auditory,3.9388419609930656,7.19211728390284,Mid
51.787170808184015,79.06768954235402,65.24533433646128,3.6629109743541135,Medium,Auditory,6.3460650676514145,7.699595454507245,Mid
87.37166310250102,81.59144291461425,75.60664606181246,1.364401383835731,Low,Kinesthetic,5.694236637959282,7.406298403182415,High
81.87494040944404,39.54279945693463,83.55912444278384,5.116398569619405,Medium,Auditory,3.6073448879492553,7.99355114753382,Mid
79.36179725578234,41.596263658082854,72.90305257158893,2.8521178015736073,Low,Auditory,6.763567794903878,5.043087493201586,Mid
79.4251826389642,44.364307822789854,90.99928729996205,3.0282744344172716,Medium,Kinesthetic,7.746041247150914,4.097787225659983,Mid
69.81629840729629,23.11098977931446,100.0,4.062321634884835,Medium,Kinesthetic,0.0,9.868265446467168,Mid
56.54118442771252,31.626961070316035,97.18761851697317,3.3498241968952525,Medium,Visual,5.864580170132559,7.499169123578339,Mid
71.1370683729059,29.917184664958643,82.86557129069791,4.429704950869867,Medium,Kinesthetic,2.6140316053370016,8.541694554817157,Mid
59.842574327318324,34.64404869791743,99.90726136849952,3.4306862478027362,Medium,Visual,5.601496042646598,3.4804815596447476,Mid
84.62679600126627,49.30630225226437,86.48667457202112,2.081343938039343,Medium,Kinesthetic,6.476475881292863,9.133366217429005,Mid
67.79413927746792,54.684294650730415,81.62914028881961,3.5422552878091524,Medium,Kinesthetic,2.246014810978896,5.957028709288465,Mid
57.61754204811233,81.01000985628154,78.8659733645906,1.2844106890190075,Medium,Visual,0.2953458019684789,5.3875636663819115,Mid
65.1792123752051,30.03291918522418,81.97530313511872,3.1628395586647846,Medium,Kinesthetic,5.67086817643173,6.873253664736027,Mid
76.19397181413436,69.68644796953167,81.11823181458772,2.950155014033309,Low,Visual,4.270804964967223,5.04403957891495,Mid
61.54413170794038,45.72022311548982,86.70416222375488,2.6878247140911906,High,Kinesthetic,0.6631224921947436,6.996536603548786,Mid
57.666694066503524,49.01072580695134,86.60573981049865,2.807193732841604,Medium,Auditory,9.059129010925645,6.727323305971027,Mid
73.65530817237868,63.496389843332075,85.03046020153414,0.17722643175354147,High,Kinesthetic,5.248838824513104,9.120791810467765,Mid
73.67449856663085,27.54555956875403,89.3693816974635,2.1769126383885578,Medium,Visual,5.3402000802503045,10.0,Mid
62.39585236943305,57.64819492368101,96.90646274786342,3.139267351711672,Medium,Kinesthetic,6.731635505124097,9.963031585683167,Mid
62.93442541572516,53.32904416426112,94.49554135441323,3.2397845879961005,Low,Visual,2.838352094306996,2.4709700412077673,Mid
73.48074906036454,59.849025280162984,70.15102031550097,1.458487288611063,Low,Visual,4.260908224177354,5.129666340313429,Mid
48.27873487754014,55.783372878156364,59.46078865098045,4.898561761297051,High,Auditory,1.3613561724404741,2.4502264723552756,Low
48.888043384351676,99.10600279821789,94.34319911239274,1.7007377276782487,Low,Auditory,2.7841031054296312,4.612915451129938,Mid
59.22333668121346,37.24520031497368,71.33121301584579,4.454185800790105,Low,Visual,4.771320000938475,5.700963578192337,Low
66.7982927243223,39.380060899963645,82.75234598107316,3.640791542807527,High,Kinesthetic,0.6694306657350957,7.821123230453887,Mid
74.66361348397007,37.53718947150471,73.2988697394064,2.0306590352342955,Low,Visual,2.727420908643838,5.960133531014919,Mid
92.13034325424329,38.890457616794905,66.98019562419981,5.662966338914268,Medium,Visual,2.1441320801245585,6.015859858102709,Mid
82.86489434803029,37.252257453869646,90.41462728204787,1.20954475236528,High,Kinesthetic,4.28418449124069,7.3635293663995265,Mid
67.60092205054859,73.78033062215104,92.59155160302647,4.378731260415002,High,Kinesthetic,5.149402523330697,3.581380709584378,Mid
69.71475688145966,78.4100849597971,79.2348959927328,4.500873477064467,Medium,Kinesthetic,5.484305608752914,5.322813694072273,Mid
54.96205953043287,38.58507412501048,59.0895770785509,1.9940696863850327,Low,Kinesthetic,5.997633289556301,5.992886748365255,Low
69.72230296011415,33.352888537915426,79.53755551747517,5.088697950096494,High,Visual,6.744233693144742,6.595196022737312,Mid
65.67012041619793,59.42831112772808,88.91804005402547,2.624930228101571,High,Visual,5.214490907366812,7.15390798045109,Mid
74.84077840507135,38.95553911438057,70.21088431225871,3.4330404439197855,Medium,Auditory,7.77467179778883,10.0,Mid
57.59153584671515,62.65863635511022,86.83359919779156,3.390482758156831,Medium,Visual,4.239005042529364,8.816672322162189,Mid
77.79019771361759,54.058460417026,84.84690150827005,2.798536887794178,Low,Kinesthetic,3.6533576914989045,5.461379951016131,Mid
92.99108369503867,19.68511770005536,90.79291499601088,4.216212409739673,High,Auditory,5.21461472672008,6.477341881097065,Mid
68.36859777314713,80.95010402660122,86.19580368414154,4.190233080828319,Low,Kinesthetic,3.5671776500148225,6.3411217258157535,Mid
76.02567583148412,85.91755346191044,75.26931059118445,0.37720204014272873,Low,Visual,7.705129457550099,5.971694966958513,Mid
80.35215987566669,37.744226190312276,96.96571501664491,4.956510364317229,Medium,Auditory,6.261966946270424,7.545031651641819,Mid
63.98169292171246,42.24596880128032,83.4147042697303,0.5062620179464883,High,Kinesthetic,5.500556288399029,3.2804408940581835,Mid
73.36138722715626,55.7173078144981,84.72695460490068,4.5488193065124864,High,Auditory,4.262838688082701,8.761428776012968,Mid
70.18888601172692,56.6891357997405,75.66732040926804,4.690057705241375,High,Auditory,3.1850456571702743,10.0,Mid
71.46514147823248,63.170885453456606,80.5671774880849,1.3635503546772028,Medium,Visual,5.402650009135519,6.460318918656366,Mid
58.404853242168,90.20409077532699,76.15197285973099,2.3837785680681227,Medium,Kinesthetic,1.745805096306082,6.421271149764342,Mid
70.36765261388415,46.46105545011901,83.27053940076577,1.3414429972710964,Medium,Auditory,7.068727066882041,7.3140884944173425,Mid
77.46997436868175,34.03405510923093,100.0,2.677618454566897,Medium,Auditory,3.6447265892292533,9.03877195392042,Mid
91.76715411692562,22.413615439709456,71.28098857068643,2.5379485737213883,Medium,Kinesthetic,4.610213466481458,6.351412566365515,Mid
84.3890623912781,35.38139920116162,68.86438602123259,4.169490798404009,High,Auditory,2.180797847613422,8.867890332203473,Mid
100.0,49.337460542524056,99.71170327493608,4.965463119179413,Low,Auditory,5.445972526238442,7.976989344906485,High
58.489786556679256,85.89115727035576,82.90676322848134,5.093525716184934,High,Auditory,3.092516774323343,10.0,Mid
83.08480955081018,39.64777401927657,78.30927261340084,2.156747960132547,Low,Kinesthetic,5.298457580610196,6.342675969675408,Mid
72.75013008607527,54.47575903277797,95.39904687396077,2.6861671893832084,Medium,Kinesthetic,5.514786937954779,3.0479991045583326,Mid
100.0,49.67154207854496,78.94384460263136,0.4748427116685745,Low,Kinesthetic,2.704735772822919,4.134121758628972,Mid
57.87552571967273,73.76786546896167,100.0,1.7911949002557168,High,Kinesthetic,1.7529417581720104,7.023856474800314,Mid
57.40417236728836,100.0,91.7792587133927,4.447277449646187,High,Visual,7.06379983308909,9.055764188041504,Mid
61.009110318339665,39.382624541593586,80.12088591854297,5.423374235322347,Low,Auditory,3.615401931941836,5.694981719158553,Mid
38.141564135352894,40.21121114963556,100.0,1.1484766921801168,Medium,Kinesthetic,4.449697632091277,6.53813510024934,Low
62.113674674788584,70.88321754138144,78.94285076996661,2.1113036112706585,Medium,Auditory,4.970929049293484,8.369685474663152,Mid
58.61301007669453,63.637829792526226,92.42095372009307,2.9603913645616093,High,Auditory,1.4925997402035591,5.069534798243085,Mid
72.25590679714311,86.93414651472068,87.99292580406492,3.4202417382294104,Low,Visual,4.925332273639775,5.777461201610365,Mid
75.12633963665739,61.67856370651928,98.01741289398798,1.7855947201175308,Medium,Kinesthetic,4.198253072309274,4.6645466247794785,Mid
98.14256258823829,42.81415818425881,100.0,3.6360915666961344,Medium,Kinesthetic,2.7129386045912174,9.356456185765124,High
84.25635757279075,61.813096613846184,85.32004149065767,2.2892409793936257,High,Auditory,1.6869280303245415,10.0,High
61.346445165063955,72.17407161165815,77.46582129653817,2.9783215936825815,Medium,Kinesthetic,5.211771095914539,3.8411700210138795,Mid
56.52377992977463,66.40964362394729,89.59972142939117,3.8194263720055495,Low,Auditory,6.2554240163897585,6.715629002023554,Mid
77.37878757259759,60.14548062214595,78.22284630247894,3.0096334047164066,High,Auditory,4.357181034785606,9.81451795012989,Mid
50.19650189469037,71.33349379178307,100.0,2.345421164210147,High,Visual,1.1310693163006262,7.797390367244476,Mid
97.47188148781531,73.38591180891345,86.36535331082737,2.8355852941112536,Low,Visual,1.8853343656505395,6.021521534001811,High
87.69160181081931,77.64317982075055,81.34678448687892,2.867455561191997,High,Visual,3.1357525813518925,3.9076757607782024,Mid
62.962365218429426,62.97419775179286,86.84680305864909,2.4449834551768084,Medium,Auditory,7.1292394823215,9.305889103645729,Mid
44.30298206363683,46.657638393662914,71.52873710470304,2.6118059059993466,Medium,Kinesthetic,3.506498675802249,7.7210304298889945,Low
90.3080856124812,52.934273728666454,75.28385961489349,5.3979707557570755,Low,Visual,3.0628621544036,4.054027224516489,Mid
68.28190232121074,74.13017933016714,97.00413907944426,3.841379171911858,Medium,Kinesthetic,0.6530304006477703,9.379782107749982,High
88.56724467960193,33.66128658025528,78.43105721028604,2.5567795229562593,Low,Visual,2.686630419779778,3.7991928764842604,Mid
46.08358511808449,57.37346617745803,74.53089017318061,4.045431606766103,Low,Visual,1.5341272920183395,6.559027691665177,Low
61.00937465569341,42.13322375345279,90.36652752527286,2.499270765365985,Medium,Auditory,1.9936403381544001,6.470770593255741,Mid
70.07865549577275,50.57489645869635,96.85704154662997,4.759686956379962,Low,Visual,4.239901360317485,10.0,Mid
70.70470890647113,75.56903725214598,92.18953310665067,3.554463288297141,Medium,Visual,3.1976715887776455,6.477907616239695,Mid
63.249017927811344,53.82198136039807,94.96047685805816,2.839046783993657,High,Auditory,7.398988905342692,6.47071462739855,Mid
79.34274898521248,50.92873096312297,77.43204911430539,3.6715753887154166,High,Kinesthetic,6.156006745414953,4.2738433102046125,Mid
53.98569355926108,22.802877180401616,70.78189333258156,0.6436857718972511,Low,Visual,2.7822321243793224,5.719204641882788,Low
67.8643077246806,64.92507132054442,100.0,1.309848796635292,Medium,Auditory,2.16636431651897,5.365409078238715,Mid
71.80443447567848,62.909683622821504,81.77320161157864,1.209112490401417,Medium,Visual,6.765283871328386,5.469555267990614,Mid
77.71658251088124,93.2650944661092,82.49166983544953,3.21441464214556,High,Auditory,7.320084978966966,7.012569049783746,High
80.67422317133335,43.844435300939985,98.28194141849058,5.598772499227637,High,Kinesthetic,0.0,2.131647228314815,Mid
53.13036862243196,54.383006553278776,90.5623000940066,6.346950219288948,Medium,Kinesthetic,4.185715247943403,3.9795395091662047,Mid
46.98828743896567,54.9876736742151,89.55887772081607,3.9570766521611356,Low,Auditory,3.4962433842065455,6.777962252785691,Mid
89.16515232847763,81.5490655952695,100.0,3.7512667124166854,High,Auditory,5.298240280119874,7.242509366207863,High
74.98471017969388,48.09408935226096,78.56481769619857,0.29841339877089146,Low,Auditory,7.885336248323008,6.533134402712209,Mid
58.7727019516517,55.58043051540678,94.27840128081237,2.185989300398967,Low,Kinesthetic,3.0318859613444036,6.918411020430078,Mid
93.26727963283784,62.15793019433079,85.57013124897084,1.8183243721376416,High,Visual,0.0,6.181766772689497,High
71.73511951439288,53.73218246312716,87.68592278863257,2.068728602623326,Low,Kinesthetic,5.1580154002985275,6.9629907935406745,Mid
87.6894577609574,41.071327708989436,100.0,2.7477842721228156,Low,Auditory,6.779928137208405,7.868284440524432,High
71.01277722115164,53.88179985796615,90.07835756289624,2.291864133454309,Medium,Auditory,3.3924804369604504,7.854267457375322,Mid
100.0,71.47263499719544,90.38296079049633,0.03105028443631852,Low,Kinesthetic,2.589925039720678,5.622083177083009,High
96.33011263664807,29.469694011778795,95.72507337309803,4.121865384176301,Medium,Auditory,3.125481189244601,8.8301894791659,High
66.2655377728139,52.65939348293752,81.35047270457115,1.3908854613902903,High,Kinesthetic,5.700410734262469,7.314217389006639,Mid
84.57356426431534,35.997583701216534,76.60790332660994,3.3588702961667245,High,Auditory,3.091078117430039,9.464427912679538,Mid
79.68063924377721,73.90093257849685,74.55190805978967,6.11112400462496,Medium,Visual,4.65752060068569,9.865744862534164,Mid
90.52947336298523,19.536261904324505,65.33643410623998,1.620923112620365,High,Visual,4.05560583147988,4.114546557253508,Mid
55.52614809129843,38.82156305456823,100.0,0.0,Low,Auditory,3.8492407751544677,5.281944922262582,Mid
80.29077189997659,57.54423750129042,73.96791634278317,2.5709936671798337,Low,Kinesthetic,5.402584653504466,8.6270960799411,Mid
85.87636730274382,81.31048058468681,82.78746376414227,4.651439452497857,Low,Visual,3.0428402002716113,3.670215159742105,Mid
43.618907703653285,48.68499477854024,82.2318670011108,5.937521181330891,High,Kinesthetic,3.138826879635442,9.840353925386747,Mid
52.25112231001337,38.896009466136036,88.07406697809101,1.1556756083213746,Low,Auditory,5.595205699999508,6.312235610374675,Mid
39.411517333598496,87.6231413888118,93.15737212539297,3.7450488348547823,High,Kinesthetic,2.0261493516626947,8.150066070218037,Mid
65.95889748333164,21.03972199167512,93.60473488359746,2.3020343148299203,Low,Visual,2.2395596183553454,6.767218674278447,Mid
80.76313383693943,6.023880867598365,79.16922561431062,2.8410774685437965,Medium,Kinesthetic,1.4793714173128132,4.215220944432626,Mid
92.53535578144042,58.800289001066645,83.32878286213588,6.966515020525552,High,Kinesthetic,5.698021826553107,9.111089204263951,High
71.11142170629662,39.958915512947776,87.825799504883,0.7455445074072702,High,Auditory,3.789526063837465,10.0,Mid
94.42923318356938,29.575343657385737,82.51308873816453,3.3806094922418604,Low,Auditory,1.3727697078418672,5.969983447288616,Mid
49.29847812677663,64.16712894598706,100.0,3.70153975764815,High,Auditory,5.707617124618137,6.355282898309515,Mid
44.44926340967268,54.87601427542398,89.90974951638252,4.628679487409021,High,Visual,2.8889156768491286,1.7018009134658811,Low
69.16678451655072,38.71842738526543,92.34877786049817,3.146974730206343,Medium,Visual,2.2566438423262296,9.703005806912241,Mid
75.76098173408961,24.39391202658211,91.62881268667412,3.4620758092561537,Medium,Auditory,3.608642882246096,8.823530645684006,Mid
69.5095787785886,67.44914656560289,96.73473857485325,2.4125271488673135,Low,Auditory,6.957447218935783,3.5332322758901715,Mid
38.98836849940185,63.00402355917322,86.81021558703706,3.403690411867661,Medium,Visual,3.2100756070068597,2.8702290759062272,Low
68.66319940730817,48.01648272441234,72.03168052044154,2.485211586753884,Low,Visual,5.1506777282311695,3.1015374336694697,Mid
50.43295749242721,86.93273992095331,88.99687951752642,3.932357834784076,Low,Visual,5.4541600409019075,8.290338250745636,Mid
80.04508823245058,28.59830467347695,78.4864310620817,2.445584495934549,Low,Visual,4.886546596012812,8.489982839228164,Mid
75.49897369145272,19.48949658150522,79.71383318250243,3.56565059085328,High,Auditory,6.542143299348524,5.153332111262424,Mid
55.90180320508967,36.16183860237511,90.86364018755093,2.9561057794725323,Medium,Visual,2.585767990735442,7.998520062765596,Mid
62.2919962399496,49.088279672890046,97.38283071433636,4.689075376158252,Low,Auditory,1.9133303138993276,7.317754241982305,Mid
54.11179717166573,54.866788986453834,85.21271576736062,2.9229094146172705,Medium,Kinesthetic,1.8740666879500103,6.265460586291563,Mid
69.05981354090243,45.175278842873404,88.08833012598964,0.3404512976896781,Low,Kinesthetic,3.7110631694004135,8.9403936533706,Mid
84.32713480751858,57.04110793028593,100.0,4.892882251070987,Medium,Visual,2.105906684318942,4.5901287975439224,Mid
55.21410930496684,24.96921151619112,87.40753179488568,1.6414015487060716,Medium,Kinesthetic,4.295081823730657,9.29507842718779,Mid
77.56069773276766,78.87529208146519,100.0,2.01935049202677,Low,Kinesthetic,4.153976839449786,5.542956891971294,High
62.04613572441339,48.35697643214863,90.65509645631545,2.106508058934762,High,Kinesthetic,6.037146606372081,10.0,Mid
58.10690751606484,72.34591663176255,67.39237240844182,5.061657139756226,Medium,Visual,4.582288616472081,4.989387953037067,Mid
68.39454460068163,56.854506927554084,92.53341621104532,0.0,High,Visual,3.167696288277104,6.296855842799746,Mid
54.47136516370939,59.13506438307568,88.81158384882778,7.0,High,Kinesthetic,4.821698408865366,7.1171742750847065,Mid
61.69526041979227,61.39534560464408,97.89752754082745,4.584085213599078,Low,Auditory,1.9396119602041186,7.104637095644966,Mid
52.03183161116728,58.954171200346295,91.73181351269959,3.3348583711937394,Low,Kinesthetic,3.9237186239513653,7.981657001236191,Mid
99.47087699374583,62.85445519735088,83.61544016016227,2.9176589990755706,Low,Visual,4.638802467191161,4.428635163506645,High
70.52895327957593,76.58305060264863,72.75701763710634,3.4283311122864855,Medium,Visual,4.258635196300253,6.92537518350673,Mid
59.50411738011122,53.930423394029404,82.90976742713974,3.7816836425690075,Low,Visual,4.830130189871968,7.2762634128054415,Mid
73.20969866101333,64.18007515177024,76.494795457907,3.9678233789250856,Low,Kinesthetic,2.711907968574417,5.944523551943746,Mid
68.31507925463755,48.205286114255465,79.19476550195277,3.833406699005173,Medium,Auditory,6.304062805619032,7.808117234918836,Mid
66.68545600700166,78.80234430898946,90.88578404420609,3.134371021882873,Medium,Visual,7.644337898791413,4.307260173024439,Mid
79.21250050065137,36.4721539588146,100.0,2.703992369539011,Low,Visual,0.7946477102828116,6.347092221898633,Mid
81.36261565070957,86.01880865821632,88.9467152982298,2.7730900745197324,Low,Kinesthetic,1.5688040080915036,5.493631751192668,High
62.04248278584209,49.196840987113134,73.04116937964815,2.7076375794709784,Low,Auditory,4.086166016048771,6.353138140901962,Mid
61.3627263903298,21.384497957639038,89.4460266822014,4.700655145300597,Low,Kinesthetic,3.4868980388942523,9.894070919842406,Mid
65.87422454272534,52.562088298215784,96.96631486645651,3.890335083421293,High,Visual,7.7928248115455645,9.932911452314801,Mid
35.471182528966224,36.37896685050238,78.90217095680617,0.0,High,Auditory,4.439568646848922,9.54083292116244,Low
47.27213406702172,66.81287097977449,83.65982833327082,3.9838511647946415,Low,Auditory,6.7850905074519146,6.075485439838297,Mid
90.50311401166786,36.947520413952184,85.14688194729197,3.2921042920781622,High,Visual,0.0,8.815236553600414,Mid
94.67451570251926,41.07633133570441,77.1510168691776,2.9719368653311538,Medium,Auditory,5.628338966664704,7.224724253851608,Mid
66.26445940665432,12.209185381089384,91.4828043384386,2.417222320366671,High,Auditory,2.568966361483358,7.091179407006017,Mid
78.6483544458365,40.953873615018466,83.79051851392218,4.68616907997902,High,Kinesthetic,2.5369148607606853,6.8452773047616615,Mid
74.66875231815304,1.5224134674208685,89.19532443907028,4.421289693184287,Low,Visual,3.5032839471757518,10.0,Mid
100.0,18.321943530285534,76.125078221979,1.8406834982645863,High,Visual,1.150832720537816,9.731677211112927,Mid
86.79362367151865,65.20829312288595,80.62541699676589,3.610578430686803,High,Visual,4.885571050643705,8.489792836894194,High
68.0812361277885,65.71600317301665,92.22381357827771,1.542514898188071,High,Visual,4.38142993343359,6.659398068978747,Mid
55.666893390993614,58.50915123569929,81.27166847908234,0.9305727528166043,High,Visual,4.532384496374541,7.079121516509124,Mid
45.903305196136415,30.66047713741574,100.0,2.059924163115052,Medium,Auditory,5.774062044265812,8.061133209075468,Mid
73.05195453800835,49.0457728771604,81.00363814385398,4.293590208574138,Low,Kinesthetic,7.029564092388307,5.956782176291956,Mid
58.654738820735446,49.92794921818863,87.24684725751887,4.42968756806413,Low,Visual,3.2725779018249055,8.876631431929008,Mid
48.666194356034886,26.832706216149145,94.3259083187309,3.7696281301459393,Medium,Kinesthetic,4.954701279472947,5.157509777114187,Low
60.301406736362104,80.067966035343,70.81634267066968,4.087643680271996,High,Kinesthetic,4.585976416669959,7.783687375994811,Mid
53.77677994578407,67.54724581151342,67.39191188019224,3.7742674306724373,Medium,Auditory,4.755229012657879,2.4205689004147404,Low
95.30712452608847,45.58071652340672,69.74343685429905,2.0377776071655718,High,Visual,4.785195328931967,5.89876294679574,Mid
83.22459635424175,50.537716779890616,97.62584103427182,3.6478838170109107,Medium,Auditory,7.181006689129678,10.0,High
69.88041038025074,54.16765615895105,79.48141854107553,4.200614287841523,Low,Visual,3.080646263021413,9.072382988783822,Mid
92.19916208335039,9.165302631514187,100.0,4.131436994720362,Low,Auditory,0.9485281935926357,10.0,Mid
71.16052461471428,45.056452349588064,79.35752401342612,4.783370057211965,Low,Kinesthetic,2.6042524627682253,5.665384665291236,Mid
57.08073698007605,36.36031504004403,86.84551303197037,4.062455770801596,High,Visual,5.51453386707081,7.2075456736008725,Mid
92.84686115904486,29.967599802101688,100.0,3.5271723113123743,High,Kinesthetic,4.046659017294354,9.563984506188609,High
78.08365065526988,44.377994142280905,100.0,4.605225357474641,Medium,Kinesthetic,3.064801319010008,8.266189869410754,Mid
54.441307685103155,85.95373053699045,100.0,2.96021811112641,Medium,Auditory,1.8470054631807162,8.017131754716639,Mid
67.14491982874588,62.8168572253402,97.08366230593143,1.6771880231584233,Low,Visual,4.442572243461065,10.0,Mid
56.86572619922865,38.57642020434406,95.24062525811462,2.755399554084354,High,Kinesthetic,5.289012550547618,4.919090068772144,Mid
49.25800403553496,61.45165562712317,90.92526949201184,1.8826460327903263,Medium,Auditory,4.611744110192056,6.631523921108994,Mid
